,name,alignment,friends,series,fate,enemies,personality,affiliations,likes,comments,views
0,Aberforth Dumbledore,Good,"Dobby, Harry Potter, Hermione Granger, Ron Weasley, Order of the Phoenix members, Minerva Mc, Gonagall, Ariana Dumbledore, Neville Longbottom, Seamus Finnigan, Luna Lovegood, Ginny Weasley, Dumbledore's Army","Harry Potter and the Order of the Phoenix, Harry Potter and the Deathly Hallows: Part 2, Fantastic Beasts: The Secrets of Dumbledore",Continues running Hogshead in Hogsmeade,"Lord Voldemort, Death Eaters, Gellert Grindelwald","Secluded, forgiving, unforgiving (formerly)","Order of the Phoenix, Dumbledore's Army",194689,12378,12724040
1,Alastor Moody,Good,"Albus Dumbledore, Harry Potter, Ron Weasley, Hermione Granger, Sirius Black, Remus Lupin, Nymphadora Tonks, Kingsley Shacklebolt, Molly Weasley, Arthur Weasley, Rubeus Hagrid, Fred Weasley, George Weasley","Harry Potter and the Goblet of Fire, Harry Potter and the Order of the Phoenix, Harry Potter and the Deathly Hallows: Part 1",Killed by Voldemort during the Battle of the Seven Potters,"Lord Voldemort, Barty Crouch Jr., Death Eaters","Tough, brave, consummate, grumpy",Order of the Phoenix,,,
2,Albus Dumbledore,Good,"Fawkes, Harry Potter, Ron Weasley, Hermione Granger, Minerva Mc, Gonagall, Rubeus Hagrid, Gellert Grindelwald (formerly), Aberforth Dumbledore, Elphias Doge, Nicolas Flamel, Severus Snape, Filius Flitwick, Pomona Sprout, Poppy Pomfrey, Dobby, Horace Slughorn, Alastor Moody, Sirius Black, Remus Lupin, Kingsley Shacklebolt, Olympe Maxime, Arabella Figg, Barty Crouch Sr., Armando Dippet, Cornelius Fudge (formerly), James Potter, Lily Potter, other Order Of The Phoenix members, Weasley family, Hogwarts staff and most students, Newt Scamander, Leta Lestrange, Porpentina Goldstein, Jacob Kowalski, Nagini (formerly)","Harry Potter and the Philosopher's Stone, Harry Potter and the Chamber of Secrets, Harry Potter and the Prisoner of Azkaban, Harry Potter and the Goblet of Fire Harry Potter and the Order of the Phoenix, Harry Potter and the half Blood Prince, Harry Potter and the Deathly Hallows: Part 1, Harry Potter and the Deathly Hallows: Part 2, Fantastic Beasts: The Crimes of Grindelwald, Fantastic Beasts: The Secrets of Dumbledore",Killed by Severus Snape with his consent. Lives on as a spirit in his portrait,"Gellert Grindelwald, Tom Riddle/, Lord Voldemort, Bellatrix Lestrange, Lucius Malfoy, Death Eaters, Peter Pettigrew, Quirinus Quirrell, Barty Crouch Jr., Cornelius Fudge, Dolores Umbridge, Fenrir Greyback, John Dawlish","Benevolent, reasonable, a bit mad, calm, serene, collected, eccentric, talented, power-hungry (formerly), naive, protective, kind, courteous, perceptive, emotional, serious","Dumbledore family, Order of Merlin, Order of the Phoenix, Dumbledore's Army, Hogwarts School of Witchcraft and Wizardry, International Confederation of Wizards",311301,171299,56000623
3,Albus Potter,Good,"Scorpius Malfoy, Harry Potter, Draco Malfoy, Delphini (formerly), Albus Dumbledore † (namesake), Severus Snape † (namesake)","Harry Potter and the Deathly Hallows - Part 2, JK Rowling: A Year in the Life (mentioned only)",Visits Cedric Diggory's grave with his father and reconciles with him.,Delphini,"Mischevious, friendly, caring, brotherly, a  loner (formerly)","Weasley family, Potter family, Slytherin",103843,9438,13130366
4,Alicia Spinnet,Good,"Angelina Johnson (best friend), Katie Bell (best friend), Fred Weasley, Geroge Weasley, Lee Jordan, Oliver Wood, Harry Potter, Ron Weasley, Hermione Granger, Neville Longbottom, Luna Lovegood, Cho Chang, Ginny Weasley, Order of the Phoenix, Bill Weasley, Fleur Delacour, Seamus Finnigan, Dean Thomas, Lavender Brown, Colin and Dennis Creevey, Justin Finch-, Fletchley, Susan Bones, Terry Boot, Anthony Goldstein, Michael Corner, Zacharias Smith (formerly), Ernie Macmillan, Hannah Abbott, Parvati Patil, Padma Patil, Marietta Edgecombe (formerly), Minerva Mc, Gonagall, Albus Dumebledore, Filius Flitwick, Sybill Trelawney, Minerva Mc, Gonagall,, Hogwarts staff","Harry Potter and the  Philosopher's Stone, Harry Potter and the Chamber of Secrets, Harry Potter and the Prisoner of Azkaban",,"Slytherin, Draco Malfoy, Lord Voldemort, Death Eaters, Marietta Edgecombe, Zacharaias Smith",,"Hogwarts School of Witchcraft and Wizardry, Gryffindor, Dumbledore's Army",3523,377,74404
5,Andromeda Tonks,Good,"Sirius Black, Rubeus Hagrid, Harry Potter, Remus Lupin","Harry Potter and the Order of the Phoenix (appears on tapestry), Harry Potter and the Deathly Hallows: Part 2 (, Mentioned only)",Raises her grandson alongside Harry Potter,"Bellatrix Lestrange, Death Eaters",,Hogwarts School of Witchcraft and Wizardry,325917,12406,9774344
6,Angelina Johnson,Good,"George Weasley, Ron Weasley, Harry Potter, Hermione Granger, Lee Jordan, Alicia Spinnet, Katie Bell, Ginny Weasley,  Dean Thomas, Seamus Finnigan, Parvati Patil, Padma Patil, Lavender Brown, Neville Longbottom, Luna Lovegood, Ginny Weasley,  Cho Chang, Dumbledore's Army, Albus Dumbledore, Minerva Mc, Gonagall, Michael Corner, Zacharias Smith and Marietta Edgecombe, and the Order of the Phoenix, Hogwarts staff","Harry Potter and the Philosopher's Stone, Harry Potter and the Chamber of Secrets, Harry Potter and the Prisoner of Azkaban, Harry Potter and the Goblet of Fire",,"Draco Malfoy (formerly), Voldemort, Death Eaters",,"Johnson family, Weasley family, Hogwarts School of Witchcraft and Wizardry, Gryffindor, Gryffindor Quidditch team, Dumbledore's Army",767415,23325,81638378
7,Anthony Goldstein,,"Cho Chang, Luna Lovegood, Ravenclaw friends, Harry Potter, Hermione Granger, Ron Weasley, Neville Longbottom",,,,,Hogwarts School of Witchcraft and Wizardry,1050,512,92203
8,Antioch Peverell,,,,Murdered in his sleep by a jealous wizard,,"Boastful, arrogant",,126077,612,1652288
9,Antonin Dolohov,Bad,"Lord Voldemort, Lucius Malfoy, Bellatrix Lestrange, Walden Macnair, Yaxley, Pius Thicknesse","Harry Potter and the Order of the Phoenix, Harry Potter and the Deathly Hallows: Part 1, Harry Potter and the Deathly Hallows: Part 2",Unknown,"Harry Potter, Ron Weasley, Hermione Granger, Ginny Weasley, Neville Longbottom, Luna Lovegood, Sirius Black","Loyal, merciless, remorseless, arrogant, self-confident, evil, murderous","Lord Voldemort, Death Eaters",4513,742,1041791
10,Arabella Figg,Good,"Albus Dumbledore, Harry Potter, Vernon Dursley, Petunia Dursley, Dudley Dursley",Harry Potter and the Order of the Phoenix,"Unknown, presumably survived the Second Wizarding War",Lord Voldemort,"Clever, brave, sarcastic, brave, vigorous",Order of the Phoenix,3624,253,622870
11,Aragog,,Rubeus Hagrid,Harry Potter and the Chamber of Secrets,,"Harry Potter, Ron Weasley, Fang, the Basilisk, Tom Riddle",,,,,
12,Argus Filch,Neutral,"Severus Snape, Dolores Umbridge, Albus Dumbledore, Minerva Mc, Gonagall, Harry Potter, Order of the Phoenix","Harry Potter and the Philosopher's Stone, Harry Potter and the Chamber of Secrets, Harry Potter and the Prisoner of Azkaban, Harry Potter and the Goblet of Fire, Harry Potter and the Order of the Phoenix, Harry Potter and the Half-, Blood Prince, Harry Potter and the Deathly Hallows: Part 2",Last seen cleaning up the rubble after Voldemort died,"Harry Potter (formerly), Lord Voldemort, Death Eaters","Cold, mean, menacing, terrifying, short-tempered",,24032,2924,884469
13,Ariana Dumbledore,Good,"Albus Dumbledore, Bathilda Bagshot (possibly), Aberforth Dumbledore, Neville Longbottom, Harry Potter, Hermione Granger, Ron Weasley",Harry Potter and the Deathly Hallows: Part 2,,Gellert Grindelwald,,Dumbledore family,194689,12378,12724040
14,Armando Dippet,,"Hogwarts staff, Albus Dumbledore, Tom Riddle",,,,,,5433,338,260669
15,Arthur Weasley,Good,"Harry Potter, Hermione Granger, Fleur Delacour, Albus Dumbledore, Minerva Mc, Gonagall, Sirius Black, Remus Lupin, Nymphadora Tonks, Rubeus Hagrid, Alastor Moody, Severus Snape, Kingsley Shacklebolt, Dumbledore's Army, Order of the Phoenix Members","Harry Potter and the Chamber of Secrets, Harry Potter and the Prisoner of Azkaban, Harry Potter and the Goblet of Fire, Harry Potter and the Order of the Phoenix, Harry Potter and the Half-, Blood Prince, Harry Potter and the Deathly Hallows: Part 1, Harry Potter and the Deathly Hallows: Part 2",Survives the Second Wizarding War,"Lord Voldemort, Nagini, Bellatrix Lestrange, Lucius Malfoy, Cornelius Fudge, Sirius Black (formerly), Death Eaters","Laidback, caring, familial, fatherly, well-meaning, competent, reasonable","Weasley family, Hogwarts (graduated), Misuse of Muggle Artefacts Office (formerly), Office for the Detection and Confiscation of Counterfeit Defensive Spells and Protective Objects (formerly), Department of Magical Law Enforcement, Order of the Phoenix member",174517,16034,12645472
16,Astoria Greengrass Malfoy,Good,,Harry Potter and the Deathly Hallows: Part 2,Passes away due to an ancient family curse.,,,"Malfoy family, Hogwarts (formerly; graduated), Slytherin (formerly)",57190,5015,4048707
17,Auror Department,,,,,,,,3054,132,88485
18,Barty Crouch Jr,Bad,"Lord Voldemort, Bellatrix Lestrange, Death Eaters, Peter Pettigrew, Harry Potter (feigned; formerly)",Harry Potter and the Goblet of Fire,Receives the Dementor's Kiss,"Harry Potter, Albus Dumbledore, Minerva Mc, Gonagall, Severus Snape, Barty Crouch Sr, Alastor Moody, Draco Malfoy","Intensely hateful, diabolical, scheming, evil, vengeful, cold, cruel, manipulative, callous, loyal, extremely intelligent, sadistic, shadowy, very arrogant, cunning, selfish, ruthless","Lord Voldemort, Death Eaters",833399,48684,18003776
19,Barty Crouch Sr.,Good,"Cornelius Fudge, Albus Dumbledore, Harry Potter",Harry Potter and the Goblet of Fire,Killed by his own son,"Lord Voldemort, Barty Crouch Jr.","Cheerful, kind, good-hearted, likeable",British Ministry of Magic,29426,5195,4992097
20,Bellatrix Lestrange,Bad,"Lord Voldemort, Lucius Malfoy, Peter Pettigrew, Severus Snape, Fenrir Greyback, Antonin Dolohov, Death Eaters, Barty Crouch Jr.","Harry Potter and the Order of the Phoenix, Harry Potter and the Half-, Blood Prince, Harry Potter and the Deathly Hallows: Part 1, Harry Potter and the Deathly Hallows: Part 2",Killed in a duel by Molly Weasley,"Harry Potter, Ron Weasley, Hermione Granger, Ginny Weasley, Neville Longbottom, Luna Lovegood, Albus Dumbledore, Molly Weasley, Kingsley Shacklebolt, Sirius Black, Dobby","Cruel, evil, intensely sadistic, loyal, manipulative, obsessive, crazy, insane, violent, brutal, murderous, destructive, fierce, dangerous, reckless, intelligent, decisive, ruthless, arrogant, selfish, proud, confident, vindictive, misanthropic, egotistical, powerful","House of Black, Death Eaters",136679,4008,10869203
21,Bernadette (Harry Potter),,,Fantastic Beasts and Where to Find Them,,"Tina Goldstein, Newt Scamander",,,3306,309,51857
22,Bill Weasley,Good,"Fleur Delacour, Harry Potter, Hermione Granger, Aberforth Dumbledore, Alastor Moody, Nymphadora Tonks, Remus Lupin, Dumbledore's Army, Minerva Mc, Gonagall, Filius Flitwick, Hogwarts staff","Harry Potter and the Deathly Hallows: Part 1, Harry Potter and the Deathly Hallows: Part 2","Marries Fleur and has three children, Victoire, Dominique, and Louis","Lord Voldemort, Fenrir Greyback, Death Eaters","Caring, brotherly, brave, heroic, familial, laid-back, humerous, cool, kind",Weasley family,77636,6994,3992275
23,Blaise Zabini,Bad,"Draco Malfoy, Vincent Crabbe, Gregory Goyle, Pansy Parkinson, Horace Slughorn","Harry Potter and the Half-, Blood Prince, Harry Potter and the Deathly Hallows: Part 1, Harry Potter and the Deathly Hallows: Part 2",Presumably leaves with the other Slytherins during the Battle of Hogwarts,"Harry Potter, Ron Weasley, Hermione Granger, Ginny Weasley",,"Hogwarts School of Witchcraft and Wizardry, Slytherin, Slytherin Quidditch Team, Slug Club, Draco Malfoy's gang",4770,1008,273010
24,Bloody Baron,,"Nearly Headless Nick, Albus Dumbledore, Harry Potter, Ron Weasley, Hermione Granger, Order of the Phoenix. Peeves (sometimes), Hogwarts ghosts",Harry Potter and the Philosopher's Stone,,"Lord Voldemort, Death Eaters","Hot-tempered, frightening, terrifying, unbearable",,249698,13909,33504952
25,British Ministry of Magic,,,,,Lord Voldemort,,,4097,350,656057
26,Buckbeak,Good,"Harry Potter, Hermione Granger, Sirius Black, Rubeus Hagrid, Order of the Phoenix","Harry Potter and the Prisoner of Azkaban, Harry Potter and the Order of the Phoenix (deleted)",,"Draco Malfoy, Lucius Malfoy, Voldemort, Severus Snape, Remus Lupin (temporarily), acromantulas",,"Harry Potter, Rubies Hagrid, Sirius Black, Hermione Granger, Dumbledore's Army, Order of the Phoenix",,,
27,Cadmus Peverell,Complex,"Antioch, Ignotus",Harry Potter and the Deathly Hallows: Part 1,,Death,"Fictionalized to be arrogant, romantic, devoted to his fiance but was really familial, brotherly",Peverell family,4656,307,272732
28,Cedric Diggory,Good,"Harry Potter, Ron Weasley, Hermione Granger, Viktor Krum, Fleur Delacour, Cho Chang, Mad-, Eye Moody, Albus Dumbledore, Pomona Sprout, other Hufflepuff students","Harry Potter and the Prisoner of Azkaban, Harry Potter and the Goblet of Fire",,"Lord Voldemort, Peter Pettigrew, Draco Malfoy",,Hogwarts School of Witchcraft and Wizardry Hufflepuff House Diggory Family,297388,7529,7628570
29,Chadwick Boot,Good,,,,,"Clever, intelligent","Steward and Sayre family, Boot family, Ilvermorny School of Witchcraft and Wizardry",1,0,250
30,Charlie Weasley,Good,"Harry Potter, Hermione Granger, Ron Weasley, Rubeus Hagrid, Albus Dumbledore",Harry Potter and the Prisoner of Azkaban (picture only),,"Voldemort, Death Eaters",,"Weasley family, Order of the Phoenix, Hogwarts School of Witchcraft and Wizardry",65598,5379,10498579
31,Cho Chang,Good,"Cedric Diggory, Harry Potter, Ron Weasley, Hermione Granger, Fred Weasley, George Weasley, Ginny Weasley, Creevey siblings, Albus Dumbledore, Minerva Mc, Gonagall, Neville Longbottom, Parvati Patil, Padma Patil, Katie Bell, Lavender Brown, Dean Thomas, Hannah Abbott, Ernie Macmillian, Seamus Finnigan, Luna Lovegood, Order of the Phoenix, Fleur Delacour","Harry Potter and the Goblet of Fire Harry Potter and the Order of the Phoenix, Harry Potter and the Half-, Blood Prince, Harry Potter and the Deathly Hallows: Part 1, Harry Potter and the Deathly Hallows: Part 2",Marries a muggle,"Lord Voldemort, Death Eaters, Severus Snape, Draco Malfoy (formerly), Dolores Umbridge, Vincent Crabbe, Gregory Goyle, Argus Filch","Intelligent, friendly, loyal, familial, romantic, emotional (formerly), remorseful","Chang family, Dumbledore's Army Hogwarts (formerly), Ravenclaw Quidditch Team (formerly)",84850,12685,11697561
32,Colin Creevey,Good,"Harry Potter, Ron Weasley, Hermione Granger, Katie Bell, Lavender Brown, Seamus Finnigan, Neville Longbottom, Harry Potter, Luna Lovegood, Ginny Weasley, Angelina Johnson, Lee Jordan, Parvati Patil, Alicia Spinnet, Dean Thomas, Romilda Vane, Fred Weasley, George Weasley, Terry Boot, Cho Chang, Michael Corner, Marietta Edgecombe, Anthony Goldstein, Padma Patil, Hannah Abbott, Susan Bones, Justin Finch-, Fletchley, Ernie Macmillan, Zacharias Smith (formerly)",Harry Potter and the Chamber of Secrets,,"Voldemort, Death Eaters, Dolores Umbridge",,"Creevey family, Gryffindor, Order of the Phoenix",30456,4108,1514088
33,Cornelius Fudge,Complex,"Dolores Umbridge, Percy Weasley, Albus Dumbledore (formerly), Harry Potter (formerly), Lucius Malfoy, Walden Macnair","Harry Potter and the Chamber of Secrets, Harry Potter and the Prisoner of Azkaban, Harry Potter and the Goblet of Fire, Harry Potter and the Order of the Phoenix",Attends Albus Dumbledore's funeral,"Lord Voldemort, Harry Potter, Albus Dumbledore, Buckbeak, Sirius Black, Bellatrix Lestrange, Arthur Weasley, Rubeus Hagrid, Barty Crouch Jr.","Conceited, a liar, stubborn, arrogant, cold, power-hungry",Britisih Ministry of Magic,77858,11043,7668001
34,Credence Barebone,Complex,"Tina Goldstein (formerly), Newt Scamander (formerly), Nagini (formerly), Gellert Grindelwald, Queenie Goldstein","Fantastic Beasts and Where to Find Them, Fantastic Beasts: The Crimes of Grindelwald",,"Langdon Shaw, Henry Shaw Senior, Mary Lou Barebone, Queenie Goldstein (formerly), Yusuf Kama, Newt and Theseus Scamander, Tina Goldstein, Gellert Grindelwald (formerly)","Lost, misunderstood, tragic, desperate, troubled, mysterious, shy, withdrawn, abused","Grindelwald's Army, Nagin (formerly), Dumbledore family, Circus Arcanus",5748,670,763479
35,Creevey siblings,,,,,,,,120,28,18258
36,Crookshanks,,"Hermione Granger, Ron Weasley, Harry Potter, Sirius Black, Remus Lupin","Harry Potter and the Prisoner of Azkaban Harry Potter and the Goblet of Fire, Harry Potter and the Order of the Phoenix, Harry Potter and the Half-, Blood Prince",,Peter Pettigrew,,"Hermione Granger, Sirius Black",51343,5675,2025359
37,Dean Thomas,,"Harry Potter, Neville Longbottom, Ron Weasley, Hermione Granger, Seamus Finnigan (best friend), Luna Lovegood, Ginny Weasley (ex-girlfriend), Dobby, Garrick Ollivander, Alicia Spinnet, Angelina Johnson, Colin Creevey, Dennis Creevey, Fred and George Weasley, Remus Lupin, Albus Dumbledore, Cho Chang, Parvati Patil, Padma Patil, Justin Finch-, Fletchley, Lavender Brown, Lee Jordan, Minerva Mc, Gonagall, Arthur Weasley, Molly Weasley, Aberforth Dumbledore, Fleur Delacour, Bill Weasley, Kingsley Shacklebolt, Hannah Abbott, Susan Bones","Harry Potter and the Philosopher's Stone, Harry Potter and the Chamber of Secrets, Harry Potter and the Prisoner of Azkaban, Harry Potter and the Goblet of Fire, Harry Potter and the Order of the Phoenix, Harry Potter and the Half-, Blood Prince, Harry Potter and the Deathly Hallows: Part 2",,"Bellatrix Lestrange, Lord Voldemort, Draco Malfoy (formerly), Severus Snape (formerly), Fenrir Greyback, Dolores Umbridge, Death Eaters, Gregory Goyle, Vincent Crabbe, Pansy Parkinson, Acromantulas, Giants, Lucius Malfoy, Narcissa Malfoy","Open-minded, caring, easy-going, good-natured, friendly, brave, loyal","Thomas family, Hogwarts School of Witchcraft and Wizardry, Gryffindor, Gryffindor Quidditch team, Dumbledore's Army",,,
38,Death (The Tale of the Three Brothers),,,,Takes in Ignotus as an old friend,"Cadmus Peverell (in the storyl), Antioch Peverell (in the story), Ignotus Peverell (in the story)",,,80712,3264,5748048
39,Death Eaters,,"Death Eater controlled Ministry of Magic, Snatchers, Giants, Werewolves, Basilisks, Dementors, Inferi, Acromantula","Harry Potter and the Goblet of Fire, Harry Potter and the Order of the Phoenix, Harry Potter and the Half-, Blood Prince, Harry Potter and the Deathly Hallows: Part 1, Harry Potter and the Deathly Hallows: Part 2",,"Muggles, Muggle-borns, Blood traitors, British Ministry of Magic, Order of the Phoenix, Dumbledore's Army, Albus Dumbledore, Harry Potter, Hermione Granger, Ron Weasley, Neville Longbottom",,,122977,5894,7358994
40,Delphini,Bad,"Albus Potter (formerly), Scorpius Malfoy (formerly)",,Defeated by Harry Potter and sent to Azkaban for her crimes.,"Albus Potter, Scorpius Malfoy, Harry Potter, Ginny Weasley, Hermione Granger, Ron Weasley, Draco Malfoy","Cruel, manipulative, desperate, cold, calculating, miserable","Lestrange family, Riddle family",124776,14011,6965296
41,Department of Magical Law Enforcement,,,Harry Potter and the Order of the Phoenix,,,,,2270,523,276370
42,Dobby,Good,"Harry Potter, Hermione Granger, Ron Weasley, Kreacher, Albus Dumbledore, Aberforth Dumbledore, Luna Lovegood, Ollivander","Harry Potter and the Chamber of Secrets, Harry Potter and the Deathly Hallows - Part 1","Fatally wounded by Bellatrix Lestrange's knife, but successfully apparated Harry and his friends to safety at Shell Cottage.","Lord Voldemort, Lucius Malfoy, Narcissa Malfoy, Draco Malfoy, Bellatrix Lestrange","Innocent, cowardly, paranoid, scared, brave, shy, cute, heroic, anxious, coy, quiet, supportive, passive, timid, helpful, organized, sweet, friendly","Malfoy family (formerly), Harry Potter",818018,102580,89519832
43,Dolores Umbridge,Bad,"Cornelius Fudge, Yaxley, Draco Malfoy, Vincent Crabbe, Gregory Goyle, Pansy Parkinson, Argus Filch","Harry Potter and the Order of the Phoenix, Harry Potter and the Deathly Hallows - Part 1","Imprisoned in Azkaban for her crimes against Muggle-, Borns","Harry Potter, Ron Weasley, Hermione Granger, Ginny Weasley, Neville Longbottom, Luna Lovegood, Fred and George Weasley, Cho Chang, Minerva Mc, Gonagall, Albus Dumbledore, Severus Snape, Dumbledore's Army, Peeves, Sybill Trelawney","Deceitful, hot-tempered, ruthless, hateful, evil, heartless, remorseless, powerful, sinister, sadistic, jealous, selfish, oppressive, tyrannical, traitorous, brutal, greedy, rude, cowardly, short-fused, mysterious, immoral, power-hungry, cruel, abusive, manipulative, baleful, violent, arrogant, strict, despotic, vicious, cynical, loathsome, uncaring, corrupt, misanthropic, sick, obnoxious, intimidating, prejudicial","Umbridge family, British Ministry of Magic",,,
44,Draco Malfoy,Complex,"Vincent Crabbe, Gregory Goyle, Pansy Parkinson, Theodore Nott, Severus Snape, Harry Potter, Hermione Granger, Ron Weasley, Albus Potter, Ginny Weasley, Lord Voldemort (formerly), Death Eaters (formerly), Hogwarts staff, Dolores Umbridge","Harry Potter and the Philosopher's Stone, Harry Potter and the Chamber of Secrets, Harry Potter and the Prisoner of Azkaban, Harry Potter and the Goblet of Fire, Harry Potter and the Order of the Phoenix, Harry Potter and the Half-, Blood Prince, Harry Potter and the Deathly Hallows Part 1, Harry Potter and the Deathly Hallows Part 2",Marries Astoria Greengrass and has a son named Scorpius,"Harry Potter, Ron Weasley, Hermione Granger, Ginny Weasley, Neville Longbottom, Order of the Phoenix, Dumbledore's Army (all formerly), Albus Dumbledore, Lord Voldemort, Death Eaters, Bellatrix Lestrange, Delphini","Formerly: Arrogant, spoiled, rude, spiteful, narcissistic, abusive, literate, insecure, Currently: Later matured kind, loving, fatherly, protective","Malfoy family, House of Black, Greengrass family, Hogwarts School of Witchcraft and Wizardry, Slytherin, Slytherin Quidditch team, Inquisitorial Squad, Draco Malfoy's gang (formerly), Death Eaters (formerly), British Ministry of Magic",1224628,4535,20147310
45,Dudley Dursley,Good,"Harry Potter, Piers Polkiss, Dennis, Malcolm, Gordon","Harry Potter and the Sorcerer's Stone, Harry Potter and the Chamber of Secrets, Harry Potter and the Prisoner of Azkaban, Harry Potter and the Order of the Phoenix, Harry Potter and the Deathly Hallows: Part 1",Leaves Privet Drive at the height of the Second Wizarding War,"Harry Potter (formerly), Rubeus Hagrid, Dementors","Formerly: Cruel, mean, unpleasant, spoiled, demanding, selfish, rotten, Currently: Kind, good-hearted, nice, friendly, caring, thankful",Dursley family,131724,13586,9307878
46,Dumbledore's Army,,"Order of the Phoenix, Hogwarts staff","Harry Potter and the Order of the Phoenix, Harry Potter and the Deathly Hallows: Part 2",Disbanded after the Second Wizarding War,"Dolores Umbridge, Cornelius Fudge, Voldemort, Death Eaters, British ministry of Magic",,,,,
47,Elphias Doge,Good,"Harry Potter, Albus Dumbledore",Harry Potter and the Deathly Hallows: Part 1,,Rita Skeeter,,Albus Dumbledore,9304,830,1089860
48,Ernie Macmillan,Good,"Hannah Abbott, Justin Finch-, Fletchley, Ginny Weasley, Harry Potter, Hermione Granger, Ron Weasley, Luna Lovegood, Fred Weasley, George Weasley, Cho Chang, Dean Thomas, Lavender Brown, Seamus Finnigan, Susan Bones, Lee Jordan, Parvati Patil, Padma Patil, Angelina Johnson, Order of the Phoenix","Harry Potter and the Chamber of Secrets, Harry Potter and the Goblet of Fire, Harry Potter and the Deathly Hallows: Part 2",,"Lord Voldemort, Death Eaters","Suspicious (formerly), quick to judge, friendly, brave, hypocritical (formerly), helpful, protective, pompous, loyal, supportive","Hogwarts School of Witchcraft and Wizardry, Dumbledore's Army, Hufflepuff",488,136,61355
49,Eulalie Hicks,Good,"Jacob Kowalski, Albus Dumbledore, Newt Scamander, Tina Goldstein, Theseus Scamander, Bunty Broadacre, Yusuf Kama, Aberforth Dumbledore, Queenie Goldstein","Fantastic Beasts: The Crimes of Grindelwald, Fantastic Beasts: The Secrets of Dumbledore",Attends Queenie and Jacob's wedding with the rest of her friends.,"Gellert Grindelwald, Vinda Rosier, Queenie Goldstein (formerly), Credence Barebone, the Alliance","Adventurous, loving, feministic, friendly, brave",Ilvermorny School of Witchcraft and Wizardry,2541,259,227870
50,Fantastic Beasts and Where to Find Them characters,,,,,,,,321725,2141,4806300
51,Fawkes,Good,"Albus Dumbledore, Harry Potter, Ron Weasley, Ginny Weasley, Gilderoy Lockhart",,,"The Basilisk, Lord Voldemort","Loyal, brave",Albus Dumbledore,387841,60684,26336350
52,Fenrir Greyback,Bad,"Bellatrix Lestrange, Lord Voldemort, Draco Malfoy, Severus Snape, Narcissa Malfoy, Scabior, Thorfinn Rowle","Harry Potter and the Half-, Blood Prince, Harry Potter and the Deathly Hallows: Part 1, Harry Potter and the Deathly Hallows: Part 2",Defeated by Ron Weasley and Neville Longbottom in the final part of the Battle of Hogwarts,"Harry Potter, Ron Weasley, Hermione Granger, Ginny Weasley, Remus Lupin, Bill Weasley, Nymphadora Tonks, Albus Dumbledore, Lavender Brown","Evil, cruel, violent, dangerous, murderous, sadistic","Lord Voldemort, Death Eaters (indirectly)",33057,2206,1672792
53,Filius Flitwick,Good,"Albus Dumbledore, Minerva Mc, Gonagall, Rubeus Hagrid, Severus Snape, Harry Potter, Ron Weasley, Hermione Granger","Harry Potter and the Sorcerer's Stone, Harry Potter and the Chamber of Secrets, Harry Potter and the Prisoner of Azkaban, Harry Potter and the Goblet of Fire, Harry Potter and the Order of the Phoenix, Harry Potter and the Half-, Blood Prince, Harry Potter and the Deathly Hallows: Part 2",,"Dolores Umbridge, Lord Voldemort, Death Eaters","Emotional, mischevious, fun, humorous, cheerful, laid-back, forgiving",,49217,88,1025313
54,Fleur Delacour,Good,"Harry Potter, Hermione Granger, Ron Weasley, Gabrielle Delacour, Albus Dumbledore, Victor Krum, Remus Lupin, Nymphadora Tonks, Cedric Diggory, Alastor Moody, Kingsley Shacklebolt","Harry Potter and the Goblet of Fire, Harry Potter and the Deathly Hallows: Part 1, Harry Potter and the Deathly Hallows: Part 2",,"Lord Voldemort, Bellatrix Lestrange, Death Eaters","Arrogant (formerly), conceited (formerly), blunt, snobbish (sometimes), rude (sometimes), warm, caring, protective, non-superficial, loyal, courageous, motherly","Delacour family, Weasley family, Beauxbatons Academy of Magic, Order of the Phoenix, Gringotts Wizarding Bank",91991,294,1333507
55,Fred Weasley,Good,"Harry Potter, Hermione Granger, Ron Weasley, George Weasley, Neville Longbottom, Luna Lovegood, Ginny Weasley, Percy Weasley, Dean Thomas, Seamus Finnegan, Albus Dumbledore, Minerva Mc, Gonagall, Remus Lupin, Nymphadora Tonks, Kingsley Shacklebolt","Harry Potter and the Philosopher's Stone Harry Potter and the Chamber of Secrets Harry Potter and the Prisoner of Azkaban Harry Potter and the Goblet of Fire Harry Potter and the Order of the Phoenix, Harry Potter and the Half-, Blood Prince, Harry Potter and the Deathly Hallows: Part 1, Harry Potter and the Deathly Hallows: Part 2",Killed in an explosion during the Battle of Hogwarts,"Lord Voldemort, Bellatrix Lestrange, Lucius Malfoy (formerly), Draco Malfoy (formerly), Dolores Umbridge, Cornelius Fudge, Argus Filch, Severus Snape",,"Order of the Phoenix, Dumbledore's Army, Weasley family",145508,13095,9717638
56,Gabrielle Delacour,Good,"Harry Potter, Ron Weasley, Hermione Granger","Harry Potter and the Goblet of Fire, Harry Potter and the Deathly Hallows: Part 1",Survives the Second Wizarding War.,Death Eaters,"Sweet-natured, flirtatious (towards Harry)","Beauxbaton Academy of Magic, Delacour family",11556,811,703690
57,Garrick Ollivander,Good,"Harry Potter, Hermione Granger, Ron Weasley, James Potter, Lily Potter, Luna Lovegood, Dobby","Harry Potter and the Sorcerer's Stone, Harry Potter and the Half-, Blood Prince, Harry Potter and the Deathly Hallows: Part 1, Harry Potter and the Deathly Hallows: Part 2",,"Lord Voldemort, Peter Pettigrew, Bellatrix Lestrange, Fenrir Greyback, Death Eaters","Intelligent, enthusiastic, kind, helpful",Ollivander family,254917,6889,6825948
58,Gellert Grindelwald,Bad,"Albus Dumbledore (formerly), Seraphina Piquery (formerly)","Harry Potter and the Deathly Hallows: Part 1, Fantastic Beasts and Where to Find Them, Fantastic Beasts: The Crimes of Grindelwald",Killed by Voldemort after refusing to tell him where the Elder Wand is,"Albus Dumbledore, Newt Scamander, Tina Goldstein, Queenie Goldstein, Aberforth Dumbledore, Lord Voldemort, Theseus Scamander, Leta Lestrange, Credence Barebone, Ariana Dumbledore, Yusuf Kama, Eulalie "", Lally"" Hicks","Cruel, dark, evil, obsessive, persuasive, charismatic, fanatical, murderous",Grindelwald's Army,99644,6253,6940994
59,George Weasley,Good,"Harry Potter, Ron Weasley, Hermione Granger, Lee Jordan, Sirius Black, Nymphadora Tonks, Remus Lupin, Order of the Phoenix, Albus Dumbledore, Ginny Weasley, Percy Weasley, Angelina Johnson, Minerva Mc, Gonagall, Hogwarts staff, Rubeus Hagrid, Hogwarts students, Alicia Spinnet, Katie Bell,  Neville Longbottom, Luna Lovegood, Dean Thomas, Seamus Finnigan, Lavender Brown, Parvati Patil, Padma Patil, Colin and Dennis Creevey, Ernie Macmillan, Hannah Abbott, Justin Finch-, Fletchley, Susan Bones, Cho Chang, Anthony Goldstein, Michael Corner, Terry Boot, Marietta Edgecombe  (formerly), Zacharias Smith (formerly), Alastor Moody †, Kingsley Shacklebolt","Harry Potter and the Sorcerer's Stone, Harry Potter and the Chamber of Secrets, Harry Potter and the Prisoner of Azkaban, Harry Potter and the Goblet of Fire, Harry Potter and the Order of the Phoenix, Harry Potter and the Half-, Blood Prince, Harry Potter and the Deathly Hallows: Part 1, Harry Potter and the Deathly Hallows: Part 2",,"Lord Voldemort, Death Eaters, Bellatrix Lestrange, Severus Snape (formerly), Draco Malfoy (formerly), Lucius Malfoy, Narcissa Malfoy, Cornelius Fudge, Dolores Umbridge, Percy Weasley (briefly), Argus Filch (formerly), Slytherins, Marietta Edgecombe, Zacharias Smith","Humorous, teasing, brotherly, talented, resourceful, protective, friendly, good, benevolent","Dumbledore's Army, Order of the Phoenix, Hogwarts School of Witchcraft and Wizardry Gryffindor, Gryffindor Quidditch team, Weasley family, Prewett family, Weasleys' Wizard Wheezes",,,
60,Ginny Weasley,Good,"Harry Potter, Albus Dumbledore, Ron Weasley, Hermione Granger, Arthur Weasley, Molly Weasley, Rubeus Hagrid, Minerva Mc, Gonagall, Neville Longbottom, Fred Weasley, George Weasley, Alastor "", Mad-, Eye"" Moody, Remus Lupin, Severus Snape, Sirius Black, Parvati Patil, Padma Patil, Lavender Brown, Luna Lovegood, Cho Chang, Dean Thomas, Seamus Finnigan","Harry Potter and the Philosopher's Stone, Harry Potter and the Chamber of Secrets, Harry Potter and the Prisoner of Azkaban, Harry Potter and the Goblet of Fire, Harry Potter and the Order of the Phoenix, Harry Potter and the Half-, Blood Prince, Harry Potter and the Deathly Hallows: Part 1, Harry Potter and the Deathly Hallows Part 2",Marries Harry and has three children,"Draco Malfoy, Bellatrix Lestrange, Lord Voldemort, Dolores Umbridge, Gregory Goyle, Vincent Crabbe, Lucius Malfoy, Fenrir Greyback, Death Eaters","Forceful, fiery, independent, shy (around Harry), protective, affectionate, motherly, loving","Weasley family, Potter family, Hogwarts School of Witchcraft and Wizardry, Gryffindor, Gryffindor Quidditch Team (formerly)",165390,16141,13028584
61,Gnarlak,,,,,,,,712,25,273246
62,Godric Gryffindor,,"Helga Hufflepuff, Rowena Ravenclaw, Salazar Slytherin (, Formerly)",,Dies of old age.,Salazar Slytherin,,,,,
63,Golden Trio,,,,,,,,,,
64,Goyle Sr,,,,,,,,829,51,11783
65,Gregory Goyle,Bad,"Vincent Crabbe, Draco Malfoy, Pansy Parkinson, Lord Voldemort, Death Eaters, Dolores Umbridge, Argus Filch","Harry Potter and the Sorcerer's Stone, Harry Potter and the Chamber of Secrets, Harry Potter and the Prisoner of Azkaban, Harry Potter and the Goblet of Fire, Harry Potter and the Order of the Phoenix, Harry Potter and the Half-, Blood Prince, Harry Potter and the Deathly Hallows: Part 1, Harry Potter and the Deathly Hallows: Part 2",Gets flown to safety out of the Room of Requirement while unconscious after being stunned by Hermione Granger,"Harry Potter, Ron Weasley, Hermione Granger, Neville Longbottom, Fred and George Weasley, Ginny Weasley, Luna Lovegood, Albus Dumbledore, Dumbledore's Army, Order of the Phoenix","Cruel, mean, evil, sadistic, aggressive, hateful","Hogwarts School of Witchcraft and Wizardry, Slytherin, Slytherin Quidditch team, Inquisitorial Squad, Draco Malfoy's gang, Crabbe family, Lord Voldemort, Death Eaters (unofficially)",159415,933,3542015
66,Gryffindor,,,,,,,,,,
67,Gryffindor Quidditch team,,,,,,,,,,
68,Hannah Abbott,Good,"Ernie Macmillan, Justin Finch-, Fletchley, Harry Potter, Ron Weasley, Hermione Granger, Neville Longbottom, Albus Dumbledore †, Rubeus Hagrid, Ginny Weasley, Luna Lovegood, Fred Weasley, George Weasley, Cho Chang, Dean Thomas, Lavender Brown, Seamus Finnigan, Susan Bones, Lee Jordan, Parvati Patil, Padma Patil, Angelina Johnson, Horace Slughorn, Pomona Sprout, Poppy Pomfrey, Quirinus Quirrell, Filius Flitwick, Peeves †, Bloody Baron  †, Marietta Edgecomb (formerly),  Order of the Phoenix, Minerva Mc, Gonagall, Arthur Weasley, Molly Weasley, Aberforth Dumbledore,  Fleur Delacour, Bill Weasley, Kingsley Shacklebolt, Remus Lupin †","Harry Potter and the Chamber of Secrets, Harry Potter and the Goblet of Fire",Marries Neville Longbottom and becomes the Matron of Hogwarts School of Witchcraft and Wizardry,"Voldemort, Death Eaters, Draco Malfoy (formerly), Dolores Umbridge, Severus Snape, Vincent Crabbe, Gregory Goyle, Pansy Parkinson","Innocent, kind, caring, naive, brave, friendly",,8790,789,407390
69,Harry Potter,Good,"Ron Weasley, Hermione Granger, Hedwig, Albus Dumbledore, Rubeus Hagrid, Minerva Mc, Gonagall, Luna Lovegood, Dobby, Neville Longbottom, Seamus Finnigan, Parvati Patil, Padma Patil, Dean Thomas, Cho Chang, Ginny, Arthur, Molly, George, Fred, Percy, Bill, and Charlie Weasley, his children, Fleur Delacour, Gabrielle Delacour, Horace Slughorn, Sybill Trelawney, Andromeda Tonks, Remus Lupin, Draco Malfoy, Alastor Moody, Nymphadora Tonks, Aberforth Dumbledore, Teddy Lupin, Cedric Diggory, Severus Snape, Oliver Wood, Helena Ravenclaw/, Grey Lady, Nearly Headless Nick †, Cornelius Fudge (formerly)",,Goes to Cedric's grave with Albus and reconciles their father-son relationship,"Lord Voldemort, Death Eaters, Dolores Umbridge, Quirinus Quirrell, Barty Crouch Jr., Bellatrix Lestrange, Peter Pettigrew, Sirius Black (formerly), Marge Dursley, Cornelius Fudge, Gilderoy Lockhart, Andromeda Tonks (briefly), Draco Malfoy (formerly), Pansy Parkinson, Vincent Crabbe, Gregory Goyle, Marcus Flint, several Slytherins, Delphini, Fenrir Greyback, Severus Snape (formerly), Nagini, Peeves (sometimes), Acromantulas, Aragog, the Basilisk, Rita Skeeter, Kreacher, Lucius Malfoy (formerly)","Brave, loyal, strong-willed, prepared, protective, unafraid, modest, likable, hot-tempered, independant, prideful, loyal, full of love, friendly",Potter family Weasley family Albus Dumbledore Dumbledore's Army Order of the Phoenix Hogwarts School of Witchcraft and Wizardry Gryffindor Gryffindor Quidditch team Slug Club British Ministry of Magic Auror Office Department of Magical Law Enforcement,1709010,72865,78037871
70,Harry Potter Historical Figures,,,,,,,,461273,64661,14205260
71,Hedwig,Good,"Harry Potter, Rubeus Hagrid, Sirius Black, Charlie Weasley, Fred Weasley, George Weasley, Dobby","Harry Potter and the Philosopher's Stone, Harry Potter and the Chamber of Secrets, Harry Potter and the Prisoner of Azkaban, Harry Potter and the Goblet of Fire, Harry Potter and the Order of the Phoenix, Harry Potter and the Half-, Blood Prince, Harry Potter and the Deathly Hallows: Part 1",,"Lord Voldemort, Death Eaters, Vernon Dursley, Petunia Dursley, Dudley Dursley, Dolores Umbridge",,Harry Potter,663341,35916,44718929
72,Helena Ravenclaw,Neutral,"Harry Potter, Luna Lovegood, Hogwarts staff, Order of the Phoenix, Tom Riddle/, Voldemort † (formerly)","Harry Potter and the Philosopher's Stone, Harry Potter and the Chamber of Secrets, Harry Potter and the Deathly Hallows: Part 2",,"Tom Riddle/, Voldemort †, Bloody Baron, Death Eaters","Elusive, careful, haughty, stern, remorseful, jealous (formerly), envious (formerly)",Hogwarts School of Witchcraft and Wizardry,72376,6994,8811308
73,Helga Hufflepuff,,"Rowena Ravenclaw, Godric Gryffindor, Salazar Slytherin (formerly)",,,Salazar Slytherin,,,175267,10386,11799407
74,Henry Shaw Jr.,Neutral,,Fantastic Beasts and Where to Find Them,,Credence Barebone,"Cruel, arrogant, mean",,190,6,19630
75,Henry Shaw Sr.,Neutral,,Fantastic Beasts and Where to Find Them,Gets his memories erased by Newt Scamander,"M, AC, US, A, Credence Barebone","Serious, ambitious, rational",,62,11,8217
76,Hermione Granger,Good,"Harry Potter, Ron Weasley, Albus Dumbledore, Rubeus Hagrid, Minerva Mc, Gonagall, Neville Longbottom, Fred Weasley, George Weasley, Ginny Weasley, Alastor "", Mad-, Eye"" Moody, Remus Lupin, Severus Snape, Sirius Black, Luna Lovegood, Cho Chang, Viktor Krum, Molly Weasley, Arthur Weasley, Bill Weasley, Filius Flitwick, Poppy Pomfrey, Pomona Sprout, Horace Slughorn, Dobby, Dean Thomas, Seamus Finnigan, Crookshanks, Order of the Phoenix, Griphook (formerly)","Harry Potter and the Philosopher's Stone, Harry Potter and the Chamber of Secrets, Harry Potter and the Prisoner of Askaban, Harry Potter and the Goblet of Fire, Harry Potter and the Order of the Phoenix, Harry Potter and the Half-, Blood Prince, Harry Potter and the Deathly Hallows: Part 1, Harry Potter and the Deathly Hallows: Part 2","Marries Ron Weasley and has two children, Hugo and Rose.","Lord Voldemort, Lucius Malfoy (formerly), Narcissa Malfoy (formerly), Bellatrix Lestrange, Fenrir Greyback, Severus Snape (formerly), Draco Malfoy (formerly), Vincent Crabbe, Gregory Goyle, Dolores Umbridge, Cornelius Fudge, Yaxley, Death Eaters, Rita Skeeter, Marietta Edgecombe, Argus Filch (formerly), Kreacher, Griphook, Goblins","Head-strong, caring, protective, sisterly, brilliant, responsible, and hardworking, motherly, stubborn","Weasley family Granger family Dumbledore's Army, Order of the Phoenix, Hogwarts School of Witchcraft and Wizardry Slug Club Gryffindor British Ministry of Magic Department for the Regulation and Control of Magical Creatures Department of Magical Law Enforcement S., P., E., W.",665331,32677,69094893
77,Hogwarts staff,,"Harry Potter, Ron Weasley, Hermione Granger, Ginny Weasley, Fred Weasley, George Weasley, Neville Longbottom, Luna Lovegood, Draco Malfoy","Harry Potter and the Sorcerer's Stone, Harry Potter and the Chamber of Secrets, Harry Potter and the Prisoner of Azkaban, Harry Potter and the Goblet of Fire, Harry Potter and the Order of the Phoenix, Harry Potter and the Half-, Blood Prince, Harry Potter and the Deathly Hallows: Part 2",,"Lord Voldemort, Death Eaters, Salazar Slytherin",,,363874,2176,4648161
78,Horace Slughorn,Good,"Albus Dumbledore, Harry Potter, Hermione Granger, Ginny Weasley, Minerva Mc, Gonagall, Rubeus Hagrid, Tom Riddle (formerly), Ron Weasley, Lily Potter","Harry Potter and the Half-, Blood Prince, Harry Potter and the Deathly Hallows: Part 2",Survives the Second Wizarding War and is seen in the Great Hall with Sprout and Flitwick,"Lord Voldemort, Death Eaters","Vain, good-natured, kind, friendly, hypocritical, ambitious",Hogwarts School of Witchcraft and Wizardry,,,
79,House of Black,,,,,,,,138180,7690,17873552
80,Hufflepuff,,,"Harry Potter and the Philosopher's Stone, Harry Potter and the Chamber of Secrets, Harry Potter and the Prisoner of Azkaban, Harry Potter and the Goblet of Fire, Harry Potter and the Order of the Phoenix, Harry Potter and the Half-, Blood Prince Harry Potter and the Deathly Hallows (, Parts 1 & 2)",Resumes to get students after the Second Wizarding War.,,,,99073,0,4861146
81,Hugo Granger-Weasley,Good,,Harry Potter and the Deathly Hallows: Part 2,,,,Weasley family,2140,80,97704
82,Ilvermorny School of Witchcraft and Wizardry,,,,,,,,118618,9093,4316374
83,Isolt Sayre,Good,,,,,"loving, caring, motherly,brave, kind-hearted, light",,23440,1104,842011
84,Jacob Kowalski,Good,"Newt Scamander, Queenie Goldstein (formerly), Tina Goldstein, Theseus Scamander, Yusuf Kama, Albus Dumbledore, Leta Lestrange, Credence Barebone, Nagini (formerly), Eulalie Hicks, Bunty Broadacre","Fantastic Beasts and Where to Find Them; Fantastic Beasts: The Crimes of Grindelwald, Fantastic Beasts: The Secrets of Dumbledore",Married Queenie in secret.,"Gellert Grindellwald, Newt Scamander (briefly), Vinda Rosier, Grindelwald's Army","Loyal, funny, good-hearted, kind","Newt Scamander, Kowalski family",19476,2296,627868
85,James Potter,Good,"Sirius Black, Albus Dumbledore, Remus Lupin, Peter Pettigrew (formerly), Minerva Mc, Gonagall, Gideon and Fabian Prewett","Harry Potter and the Sorcerer's Stone, Harry Potter and the Goblet of Fire, Harry Potter and the Order of the Phoenix, Harry Potter and the Deathly Hallows: Part 2",Killed by Voldemort while protecting his son,"Severus Snape, Lord Voldemort, Death Eaters","Caring, brave, fatherly, protective","Hogwarts School of Witchcraft and Wizardry, Gryffindor, Gryffindor Quidditch, Order of the Phoenix",103843,9438,13130366
86,James S. Potter,Good,"Teddy Lupin, Victoire Weasley",Harry Potter and the Deathly Hallows: Part 2 (epilogue),,Scorpios Malfoy (formerly),"mischievous and trouble-making, easygoing, independent","Hogwarts School of Witchcraft and Wizardry, Gryffindor, Weasley family, Potter family",354060,35251,12459370
87,Justin Finch-Fletchley,,"Hannah Abbott, Ernie Macmillan, Harry Potter, Hermione Granger, Ron Weasley, Hogwarts staff, Dumbledore's Army",Harry Potter and the Chamber of Secrets,,"Death Eaters, Voldemort, Basilisk, Dolores Umbridge",,"Hufflepuff, Dumbledore's Army, Hogwarts School of Witchcraft and Wizardry",5647,0,1789434
88,Katie Bell,Good,"Angelina Johnson, Alicia Spinnet (best friends), Leanne (best friend), George Weasley, Fred Weasley, Lee Jordan, Hermione Granger, Harry Potter, Ron Weasley, Neville Longbottom, Seamus Finnigan, Dean Thomas, Lavender Brown, Parvati Patil, Ginny Weasley, Colin and Dennis Creevey, Luna Lovegood, members of Dumbledore's Army, Order of the Phoenix, Hogwarts staff","Harry Potter and the Philosopher's Stone, Harry Potter and the Chamber of Secrets, Harry Potter and the Half-, Blood Prince, Harry Potter and the Deathly Hallows: Part 1, Harry Potter and the Deathly Hallows: Part 2",Survives the Battle of Hogwarts,"Voldemort, Dolores Umbridge, Bellatrix Lestrange, Lucius Malfoy, Draco Malfoy, Death Eaters, Severus Snape (formerly), Slytherins","Friendly, caring, protective, brave, determined, loyal","Hogwarts School of Witchcraft and Wizardry, Gryffindor, Dumbledore's Army",62314,1412,6082117
89,Kendra Dumbledore,Good,,"Harry Potter and the Deathly Hallows: Part 2 (mentioned only), Fantastic Beasts: The Secrets of Dumbledore (mentioned only)",Accidentally killed by Ariana's uncontrollable magic.,,"Full of secrets, strict, loving, described as ""a fine woman""",Dumbledore family,2740,335,96908
90,Kingsley Shacklebolt,Good,"Harry Potter, Albus Dumbledore, Alastor Moody, Remus Lupin, Sirius Black, Nymphadora Tonks, Ron Weasley, Hermione Granger, Molly Weasley, Arthur Weasley, Bill Weasley, Fred Weasley, George Weasley, Rubeus Hagrid, Fleur Delacour","Harry Potter and the Order of the Phoenix, Harry Potter and the Deathly Hallows: Part 1, Harry Potter and the Deathly Hallows: Part 2",Becomes the next Minister for Magic after the Second Wizarding War,"Cornelius Fudge, Lord Voldemort, Death Eaters, Bellatrix Lestrange, Marietta Edgecombe, Dolores Umbridge",,Order of the Phoenix,29043,2055,1291531
91,Kreacher,,"Harry Potter, Ron Weasley, Hermione Granger, Dobby,  Bellatrix Lestrange (formerly), Narcissa Malfoy (formerly)",Harry Potter and the Order of the Phoenix Harry Potter and the Deathly Hallows - Part 1,,"Voldemort, Death Eaters, Bellatrix Lestrange","Loyal and obedient (to his masters), grouchy","House of Black, Harry Potter",15485,0,3458726
92,Langdon Shaw,Neutral,"Mary Lou Barebone, Modesty Barebone, Chasity Barebone",Fantastic Beasts and Where to Find Them,Has his memory wiped of the existence of magic.,Credence Barebone,,Shaw family,,,
93,Lavender Brown,Good,"Parvati Patil, Ron Weasley (ex-boyfriend), Harry Potter, Hermione Granger, Dumbledore's Army,  Order of the Phoenix, Hogwarts staff","Harry Potter and the Chamber of Secrets, Harry Potter and the Prisoner of Azkaban, Harry Potter and the Half-, Blood Prince, Harry, Potter and the Deathly Hallows: Part 1, Harry Potter and the Deathly Hallows: Part 2",Killed by Fenrir Greyback in the Battle of Hogwarts.,"Voldemort, Death Eaters, Fenrir Greyback, Hermione Granger (temporarily)",,Dumbledore's Army,87329,4012,5702297
94,Lee Jordan,Good,"Fred Weasley, George Weasley, Angelina Johnson, Harry Potter, Ron Weasley, Hermione Granger, Minerva Mc, Gonagall, Albus Dumbledore, Luna Lovegood, Neville Longbottom, Ginny Weasley, Cho Chang, Minerva Mcgonagall, Colin Creevey, Dennis Creevy","Harry Potter and the Philosopher's Stone, Harry Potter and the Chamber of Secrets",,"Voldemort, Death Eaters, Bellatrix Lestrange, Draco Malfoy (formerly), Dolores Umbridge","Enthusiastic, friendly, troublemaking (sometimes with the twins)","Jordan family, Hogwarts School of Witchcraft and Wizardry, Gryffindor, Dumbledore's Army, Order of the Phoenix, Potterwatch",709092,10101,133114188
95,Leta Lestrange,Good,"Newt Scamander, Theseus Scamander, Nagini, Tina Goldstein","Fantastic Beasts and Where to Find Them (photograph only), Fantastic Beasts: The Crimes of Grindelwald",Killed in a swirl of fire by Gellert Grindelwald,"Gellert Grindelwald, Vinda Rosier","Selfless, tragic, heroic, supportive, helpful, brave, self-serving, selfish (formerly), guilty, remorseful, ambitious, resourceful, courageous","Hogwarts, Slytherin, Aurors",31671,2567,1420620
96,Lily L. Potter,Good,"Ted Lupin, Hermione Granger, Ron Weasley, Rose Granger-, Weasley",Harry Potter and the Deathly Hallows: Part 2,Becomes a student at Hogwarts.,,The same as her mother when she was younger,Hogwarts School of Witchcraft and Wizardry,9345,318,442401
97,Lily Potter,Good,"Sirius Black, Remus Lupin, Peter Pettigrew (formerly), Severus Snape","Harry Potter and the Philosopher's Stone, Harry Potter and the Chamber of Secrets (photograph only), Harry Potter and the Prisoner of Azkaban (photograph only), Harry Potter and the Goblet of Fire, Harry Potter and the Order of the Phoenix (flashback), Harry Potter and the Half-, Blood Prince (photograph only), Harry Potter and the Deathly Hallows: Part 2","Sacrifices herself to Voldemort, casting a sacrificial love spell over her son","Lord Voldemort, Peter Pettigrew","Brave, friendly, fiery, outspoken, intelligent, motherly, caring, protective","Hogwarts School of witchcraft and Wizardry, Gryffindor, Gryffindor Quidditch team, Potter family, Order of the Phoenix",1709011,72865,78038011
98,List of Harry Potter characters,,,,,,,,114042,5083,16840475
99,Lord Voldemort,Bad,"Peter Pettigrew, Bellatrix Lestrange, Barty Crouch Jr., Quirinus Quirrell, Lucius Malfoy (formerly), Narcissa Malfoy (formerly), Draco Malfoy (formerly), Antonin Dolohov, Yaxley, Thorfinn Rowle, Severus Snape (formerly), Horace Slughorn (formerly), Death Eaters","Harry Potter and the Philosopher's Stone, Harry Potter and the Chamber of Secrets, Harry Potter and the Goblet of Fire, Harry Potter and the Order of the Phoenix, Harry Potter and the Half-, Blood Prince, Harry Potter and the Deathly Hallows - Part 1, Harry Potter and the Deathly Hallows - Part 2",Falls to the ground after being defeated by Harry Potter once and for all in the Great Hall when his Killing Curse rebounds on him,"Harry Potter, Albus Dumbledore, Severus Snape, Draco Malfoy, Narcissa Malfoy, Lucius Malfoy, Ron Weasley, Hermione Granger, Ginny Weasley, Neville Longbottom,  Minerva Mc, Gonagall, Rubeus Hagrid, Molly Weasley, Lily Potter, James Potter, Cornelius Fudge, Arthur Weasley, Kingsley Shacklebolt, Alastor Moody, Horace Slughorn, Ollivander, Griphook, the Order of the Phoenix, Dumbledore's Army","Power-hungry, cruel, sadistic, pure-evil, manipulative, dark, tyrannical, mysterious, failure-intolerant, calm, serious, calculating, devious, arrogant, narcissistic, strict, intelligent, merciless, violent, dangerous, rageful, single-minded, megalomaniacal, insensitive, unsympathetic, abusive, devilish, obsessive, sophisticated, remorseless, brutal, cold, heartless, uncaring, ruthless, corrupt, ignorant, murderous, cold-blooded, psychopathic, misanthropic, irredeemable","Hogwarts School of Witchcraft and Wizardry (formerly), Death Eaters",603451,36849,18627462
100,Lucius Malfoy,Bad,"Cornelius Fudge, Lord Voldemort (formerly), Bellatrix Lestrange (formerly), Narcissa Malfoy, Draco Malfoy, Severus Snape, Death Eaters (formerly)","Harry Potter and the Chamber of Secrets, Harry Potter and the Goblet of Fire, Harry Potter and the Order of the Phoenix, Harry Potter and the Deathly Hallows - Part 1, Harry Potter and the Deathly Hallows - Part 2",Abandons Voldemort and his Death Eaters during the Battle of Hogwarts with his wife and son and avoids going to Azkaban,"Harry Potter, Ron Weasley, Hermione Granger, Ginny Weasley, Fred and George Weasley, Percy Weasley, Neville Longbottom, Luna Lovegood, Rubeus Hagrid, Arthur Weasley, Order of the Phoenix, Dumbledore's Army (all formerly), Albus Dumbledore, Dobby, Lord Voldemort, Bellatrix Lestrange, Death Eaters","Evil, violent, cruel, aggressive, calm, manipulative, intelligent, ruthless, vile, murderous, prejudiced","Malfoy family, Malfoy Apothecary, House of Black, Lord Voldemort (formerly), Death Eaters (formerly)",,,
101,Luna Lovegood,Good,"Harry Potter, Ron Weasley, Hermione Granger, Ginny Weasley, Fred Weasley, George Weasley, Dobby, Garrick Ollivander, Justin Finch-, Fletchley, Lavender Brown, Susan Bones, Alastor Moody, Cho Chang, Nymphadora Tonks, Molly Weasley, Arthur Weasley, Bill Weasley, Fleur Delacour, Sirius Black, Rubeus Hagrid, Argus Filch, Filius Flitwick, Minerva Mc, Gonagall, Poppy Pomfrey, Horace Slughorn, Pomona Sprout, Sybill Trelawney, Dobby, Alicia Spinnet, Angelina Johnson, Dean Thomas, Colin Creevey, Dennis Creevey, Katie Bell, Lee Jordan, Parvati Patil, Padma Patil, Seamus Finnigan, Ernie Macmillan, Hannah Abbott, Helena Ravenclaw/, Grey Lady","Harry Potter and the Order of the Phoenix, Harry Potter and the Half-, Blood Prince, Harry Potter and the Deathly Hallows: Part 1, Harry Potter and the Deathly Hallows: Part 2",Marries Rolf Scamander and have two sons: Lorcan and Lysander.,"Lord Voldemort, Lucius Malfoy, Bellatrix Lestrange, Draco Malfoy (formerly), Dolores Umbridge, Antonin Dolohov, Walden Macnair, Death Eaters","Bizarre (sometimes), dreamy, intelligent, perceptive, fierce, nonjudgmental, friendly, caring, weird (sometimes), optimistic, extremely sweet","Ravenclaw, Hogwarts School of Witchcraft and Wizardry, Dumbledore's Army",90999,8537,4377144
102,Martha and Rionach Steward,,,,,,,,,,
103,Mary Lou Barebone,Good,Langdon Shaw,Fantastic Beasts and Where to Find Them,Killed by Credence's Obscurus,"Henry Shaw Sr., Henry Shaw Jr., Credence Barebone, Wizardking, Newt Scamander, Tina Goldstein",,New Salemers,1672,189,85952
104,Minerva McGonagall,Good,"Harry Potter, Albus Dumbledore, Severus Snape, Rubeus Hagrid, Madam Pomfrey, Order of the Phoenix, Dumbledore's Army, Weasley family, Neville Longbottom, Draco Malfoy, James Potter, Lily Potter, Remus Lupin, Sirius Black","Harry Potter and the Philosopher's Stone, Harry Potter and the Chamber of Secrets, Harry Potter and the Prisoner of Azkaban, Harry Potter and the Goblet of Fire, Harry Potter and the Order of the Phoenix, Harry Potter and the Half-, Blood Prince, Harry Potter and the Deathly Hallows: Part 2",Becomes the headmistress of Hogwarts after the war.,"Lord Voldemort, Bellatrix Lestrange, Draco Malfoy (formerly), Death Eaters, Severus Snape (briefly), Dolores Umbridge, Gilderoy Lockhart. Sirius Black (formerly)","Stern, strict, serious, familial, protective, grandmotherly, stubborn","Order of the Phoenix, Hogwarts staff, Harry Potter",,,
105,Modesty Barebone,Good,"Langdon Shaw, Credence Barebone",Fantastic Beasts and Where to Find Them,Remains in the Bronx after Grindelwald chases after her brother,"Henry Shaw Jr., Gellert Grindelwald","Playful, well-mannered, protective, sisterly, precocious",Barebone family,143,74,17872
106,Molly Weasley,Good,"Harry Potter, Hermione Granger, Sirius Black, Remus Lupin, Nymphadora Tonks, Albus Dumbledore, Rubeus Hagrid, Kingsley Shacklebolt, Alastor Moody, Severus Snape, Order of the Phoenix","Harry Potter and the Philosopher's Stone, Harry Potter and the Chamber of Secrets, Harry Potter and the Prisoner of Azkaban, Harry Potter and the Order of the Phoenix, Harry Potter and the Half-, Blood Prince, Harry Potter and the Deathly Hallows: Part 1, Harry Potter and the Deathly Hallows: Part 2",Survives the Second Wizarding War.,"Lord Voldemort, Bellatrix Lestrange, Severus Snape (formerly), Fenrir Greyback, Death Eaters","Stern, strict, motherly, sweet, protective, caring, familial, loving","Weasley family, Order of the Phoenix",174533,16035,12646952
107,Mr. and Mrs. Granger,Good,"Arthur Weasley, Harry Potter","Harry Potter and the Chamber of Secrets, Harry Potter and the Deathly Hallows: Part 1",,"Voldemort, Death Eaters",,Granger family,6783,421,164146
108,Nagini,Complex,"Lord Voldemort, Death Eaters, Newt Scamander (formerly), Albus Dumbledore (formerly), Tina Goldstein (formerly), Queenie Goldstein (formerly), Credence Barebone (formerly)","Harry Potter and the Goblet of Fire, Harry Potter and the Order of the Phoenix, Harry Potter and the Half-, Blood Prince, Harry Potter and the Deathly Hallows - Part 1, Harry Potter and the Deathly Hallows - Part 2, Fantastic Beasts: The Crimes of Grindelwald",Beheaded by Neville Longbottom,"Harry Potter, Hermione Granger, Ron Weasley, Arthur Weasley, Neville Longbottom, Severus Snape, Credence Barebone, Queenie Goldstein, Gellert Grindelwald,  Weasley family, Albus Dumbledore","Evil, murderous, violent, dangerous, bloodthirsty, sadistic",Lord Voldemort,814573,12402,146485581
109,Narcissa Malfoy,Complex,"Lord Voldemort (formerly), Harry Potter, Severus Snape, Peter Pettigrew, Bellatrix Lestrange (formerly), Death Eaters (formerly)","Harry Potter and the Half-, Blood Prince, Harry Potter and the Deathly Hallows: Part 1, Harry Potter and the Deathly Hallows: Part 2",Abandons Voldemort and his Death Eaters and avoids going to Azkaban,"Lord Voldemort, Harry Potter (formerly), Ron Weasley (formerly), Hermione Granger (formerly), Death Eaters","Formerly: Proud, haughty, powerful, disdainful, prejudiced, cold, loyal, Currently: Brave, courageous, strong, powerful, loving (to her son), smart, protective, motherly","Malfoy family, Death Eaters (indirectly)",599927,1588,7833067
110,Nearly Headless Nick,Good,"Harry Potter, Hermione Granger, Ron Weasley, Albus Dumbledore, Percy Weasley, Penelope Clearwater, Fred Weasley, George Weasley",,Nearly had his head cut off,The Basilisk,"Affable, kind, helpful, polite, sensible","Hogwarts School of Witchcraft and Wizardry, King Henry V, II, Gryffindor",,,
111,Neville Longbottom,Good,"Harry Potter, Ron Weasley, Hermione Granger, Seamus Finnigan, Dean Thomas, Ginny Weasley, Luna Lovegood, Cho Chang, Hannah Abbott, Fred Weasley, George Weasley, Albus Dumbledore, Remus Lupin, Sirius Black, Dumbledore's Army, Nymphadora Tonks, Arthur Weasley, Erni Macmillan, Arthur Weasley, Aberforth Dumbledore, Pomona Sprout, Hogwarts staff, Order of the Phoenix, Rubeus Hagrid",,Survives the Second Wizarding War,"Lord Voldemort, Bellatrix Lestrange, Draco Malfoy (formerly), Nagini, Severus Snape (formerly), Dolores Umbridge, Vincent Crabbe, Gregory Goyle, Death Eaters","Clumsy, shy, forgetful (formerly), brave, self-assured, insecure (formerly), helpful, resourceful, good-hearted, nervous (formerly), brave","Hogwarts School of Witchcraft and Wizardry, Gryffindor, Order of the Phoenix, Dumbledore's Army",262271,13525,7518102
112,Newt Scamander,Good,"Leta Lestrange, Theseus Scamander, Albus Dumbledore, Pickett, the Niffler, Porpentina Goldstein, Queenie Goldstein, Jacob Kowalski, Seraphina Picquery, Yusuf Kama, Nicholas Flamel, Credence Barebone, Nagini, Bunty Broadacre, Eulalie Hicks","Harry Potter and the Chamber of Secrets (portrait only), Harry Potter and the Prisoner of Azkaban (name appears on Marauder's Map), Fantastic Beasts and Where to Find Them, Fantastic Beasts: The Crimes of Grindelwald, Fantastic Beasts and Where to Find Them 3 (upcoming), Fantastic Beasts 4 (upcoming), Fantastic Beasts 5 (upcoming)",Marries Tina and has a child with her.,"Gellert Grindelwald, Credence Barebone (formerly), Bernadette, Arnold Guzman, Queenie Goldstein (formerly), Vinda Rosier, the Alliance, Seraphina Piquery (formerly), Gryffindor Girl","Dedicated, eccentric, awkward, anti-social (sometimes), brave, resourceful, intelligent, compassionate, courteous, kind-hearted, good, optimistic","Hogwarts School of Witchcraft and Wizardry Hufflepuff, British Ministry for Magic, Scamander family, Goldstein family, Order of Merlin",321750,2144,4807184
113,Nicholas Flamel,,"Albus Dumbledore, Newt Scamander, Jacob Kowalski",Fantastic Beasts: The Crimes of Grindelwald,,Gellert Grindelwald,,"Beauxbatons Academy of Magic, Albus Dumbledore, Flamel family",52377,2370,4394945
114,Nicolas Flamel,,"Albus Dumbledore, Jacob Kowalski, Newt Scamander",Fantastic Beasts: The Crimes of Grindelwald,,,,,52377,2370,4394945
115,Nymphadora Tonks,Good,"Harry Potter, Hermione Granger, Ginny Weasley, Ron Weasley, Dumbledore's Army, Molly Weasley, Bill Weasley, Arthur Weasley, Fred Weasley, George Weasley, Minerva Mc, Gonagall, Sirius Black, Alastor Moody, Severus Snape, Luna Lovegood, Neville Longbottom, Mandungus Fletcher","Harry Potter and the Order of the Phoenix, Harry Potter and the Half-, Blood Prince, Harry Potter and the Deathly Hallows: Part 1, Harry Potter and the Deathly Hallows: Part 2","Killed in the Battle of Hogwarts by her aunt, Bellatrix","Voldemort, Bellatrix Lestrange, Death Eaters, Dolohov, Cornelius Fudge, Fenrir Greyback","Enthusiastic, bubbly, clumsy (sometimes), cheerful, friendly","Tonks family, Lupin Family, Hufflepuff, Minstry of Magic, Auror Office, Order of the Phoenix",46141,5807,2365169
116,Oliver Wood,Good,"Harry Potter, Fred and George Weasley, Angelina Johnson, Hermione Granger, Ron Weasley","Harry Potter and the Philosopher's Stone, Harry Potter and the Chamber of Secrets, Harry Potter and the Prisoner of Azkaban, Harry Potter and the Deathly Hallows: Part 2",,"Voldemort, Death Eaters",,,65886,3111,4723705
117,Olympe Maxime,Good,"Rubeus Hagrid, Albus Dumbledore, Fleur Delacour, Gabrielle Delacour, Harry Potter","Harry Potter and the Goblet of Fire, Harry Potter and the Deathly Hallows: Part 1",Breaks up with Hagrid,"Voldemort, Death Eaters, Igor Karkaroff",,Beauxbatons Academy of Magic,13948,620,429768
118,Order of the Phoenix,,,"Harry Potter and the Order of the Phoenix, Harry Potter and the Half-, Blood Prince Harry Potter and the Deathly Hallows: Part 1 Harry Potter and the Deathly Hallows: Part 2",,,,,96482,3569,12977431
119,Padma Patil,,"Hermione Granger, Harry Potter, Ron Weasley, Ginny Weasley, Luna Lovegood, Fred Weasley, George Weasley, Cho Chang, Dean Thomas, Ernie Macmillan, Hannah Abbott, Justin Finch-, Fletchley, Seamus Finnigan, Lavender Brown, Susan Bones, Lee Jordan, Angelina Johnson, Albus Dumbledore, Zacharias Smith (formerly), Marietta Edgecombe (formerly), Minerva Mc, Gonagall, Arthur Weasley, Molly Weasley, Aberforth Dumbledore, Fleur Delacour, Bill Weasley, Kingsley Shacklebolt, Peeves, Horace Slughorn, Pomona Sprout, Poppy Pomfrey, Filius Flitwick, Nymphadora Tonks, Remus Lupin, Sybill Trelawney","Harry Potter and the Philosopher's Stone, Harry Potter and the Prisoner of Azkaban, Harry Potter and the Goblet of Fire, Harry Potter and the Order of the Phoenix, Harry Potter and the Half-, Blood Prince, Harry Potter and the Deathly Hallows: Part 2",Survives the Battle of Hogwarts,"Voldemort, Death Eaters, Dolores Umbridge, Severus Snape (formerly), Draco Malfoy (, Formerly), Vincent Crabbe, Gregory Goyle, Pansy Parkinson, Peeves (formerly)","Serious, studious, intelligent, quieter, courageous, determined",,20818,666,1951192
120,Pansy Parkinson,Bad,"Draco Malfoy, Vincent Crabbe, Gregory Goyle, Blaise Zabini, Lord Voldemort, Death Eaters","Harry Potter and the Sorcerer's Stone, Harry Potter and the Chamber of Secrets, Harry Potter and the Prisoner of Azkaban, Harry Potter and the Order of the Phoenix, Harry Potter and the Half-, Blood Prince, Harry Potter and the Deathly Hallows: Part 1, Harry Potter and the Deathly Hallows: Part 2",Gets sent to the dungeons along with all the other Slytherins during the Battle of Hogwarts as punishment for wanting to give Harry to Voldemort,"Harry Potter, Ron Weasley, Hermione Granger, Cho Chang, Neville Longbottom, Luna Lovegood, Minerva Mc, Gonagall",,"Inquisitorial Squad, Slytherin",90241,877,1351707
121,Parvati Patil,,"Lavender Brown (best friend), Hermione Granger, Harry Potter, Ron Weasley, Ginny Weasley, Luna Lovegood, Fred Weasley, George Weasley, Cho Chang, Dean Thomas, Ernie Macmillan, Hannah Abbott, Justin Finch-, Fletchley, Seamus Finnigan, Susan Bones, Lee Jordan, Angelina Johnson, Albus Dumbledore, Zacharias Smith (formerly), Marietta Edgecombe (formerly), Minerva Mc, Gonagall, Arthur Weasley, Molly Weasley, Aberforth Dumbledore, Fleur Delacour, Bill Weasley, Kingsley Shacklebolt, Peeves, Horace Slughorn, Pomona Sprout, Poppy Pomfrey, Filius Flitwick, Nymphadora Tonks, Remus Lupin, Sybill Trelawney","Harry Potter and the Philosopher's Stone, Harry Potter and the Prisoner of Azkaban, Harry Potter and the Goblet of Fire, Harry Potter and the Order of the Phoenix, Harry Potter and the Half-, Blood Prince",Survives the Battle of Hogwarts,"Voldemort, Death Eaters, Dolores Umbridge, Severus Snape (formerly), Draco Malfoy (, Formerly), Vincent Crabbe, Gregory Goyle, Pansy Parkinson, Peeves (formerly)","Girly, gossipy, insensitve (sometimes), brave, courageous, determined","Dumbledore's Army, Hogwarts School of Witchcraft and Wizardry, Gryffindor",287280,8870,13318424
122,Peeves,,"Fred Weasley, George Weasley, Minerva Mc, Gonagall, Harry Potter, Hermione Granger, Ron Weasley, students at Hogwarts",Harry Potter and the Philosopher's Stone (deleted),,"Harry Potter, Hermione Granger, Ron Weasley, students at Hogwarts (all sometimes), Voldemort, Death Eaters","Chaotic, disorder, annoying, taunting, sneaky, loyal, devoted",Hogwarts School of Witchcraft and Wizardry,396301,0,69397461
123,Penelope Clearwater,Good,"Percy Weasley (ex-boyfriend),  Harry Potter and Ron Weasley,",Harry Potter and the Chamber of Secrets,"Graduates from school, but her further future is uncertain but she eventually broke up with Percy",Slytherins,,"Hogwarts School of Witchcraft and Wizardry, Hufflepuff",77652,6994,3992887
124,Percival Graves,Good,Theseus Scamander (possibly),Fantastic Beasts and Where To Find Them,,Gellert Grindelwald,,"M, AC, US, ADepartment of Magical Law Enforcement",11990,1621,1606301
125,Percy Weasley,Good,"Harry Potter, Hermione Granger, Ron Weasley, Cornelius Fudge (formerly), Order of the Phoenix, Hogwarts staff","Harry Potter and the Sorcerer's Stone Harry Potter and the Chamber of Secrets Harry Potter and the Prisoner of Azkaban Harry Potter and the Order of the Phoenix Harry Potter and the Deathly Hallows: Part 1, Harry Potter and the Deathly Hallows: Part 2","Married Audrey Weasley and has two daughters, Molly and Lucy","Lord Voldemort, Draco Malfoy, Harry Potter (briefly), Hermione Granger (briefly), Ron Weasley (briefly), Death Eaters","Highly opinionated, ambitious, sophisticatedaffected and self-important",British Ministry of Magic,65611,5379,10500011
126,Peter Pettigrew,Bad,"Ron Weasley (formerly), Lord Voldemort, Barty Crouch Jr., Nagini, Sirius Black (formerly), Remus Lupin (formelry), James Potter (formerly), Lily Potter (formerly), Order of the Phoenix (formerly), Lucius Malfoy, Narcissa Malfoy, Draco Malfoy, Bellatrix Lestrange, Death Eaters","Harry Potter and the Philiosopher's Stone (as Scabbers), Harry Potter and the Chamber of Secrets (as Scabbers), Harry Potter and the Prisoner of Azkaban, Harry Potter and the Goblet of Fire, Harry Potter and the Order of the Phoenix, Harry Potter and the Half-, Blood Prince, Harry Potter and the Deathly Hallows: Part 1",Gets strangled to death by his own silver hand,"Harry Potter, Ron Weasley, Hermione Granger, Sirius Black, Remus Lupin, James Potter, Lily Potter, Ollivander, Griphook, Dobby, Order of the Phoenix, Lord Voldemort (formerly), Death Eaters (formerly)","Traitorous, evil, conniving, murderous","Order of the Phoenix (formerly), Lord Voldemort, Death Eaters",354124,35243,12462361
127,Petunia Dursley,Good,"Vernon Dursley, Dudley Dursley, Harry Potter, Order of the Phoenix","Harry Potter and the Philosopher's Stone, Harry Potter and the Chamber of Secrets Harry Potter and the Prisoner of Azkaban Harry Potter and the Order of the Phoenix Harry Potter and the Deathly Hallows: Part 1, Harry Potter and the Deathly Hallows: Part 2",Leaves Privet Drive for good,"Harry Potter (formerly), Rubeus Hagrid, Albus Dumbledore, Lord Voldemort, Death Eaters","Nosy, hostile, repressed, obsessive, abusive (formerly), cruel (formerly)",,131735,13584,9308665
128,Pickett,Good,,"Fantastic Beasts and Where to Find Them, Fantastic Beasts: The Crimes of Grindelwald, Fantastic Beasts:  The Secrets of Dumbledore",,,"Playful, shy, scared, innocent, brave",Newt Scamander,187326,10457,17870319
129,Pickett (Harry Potter),Good,"Newt Scamander, Niffler","Fantastic Beasts and Where to Find Them, Fantastic Beasts: The Crimes of Grindelwald",,"Titus, Finn, Poppy, Marlow, and Tom","Kind, adorable",Newt Scamander,16786,639,342911
130,Pius Thicknesse,Bad,"Lord Voldemort, Yaxley, Dolores Umbridge, Death Eaters","Harry Potter and the Deathly Hallows: Part 1, Harry Potter and the Deathly Hallows: Part 2",Freed from the Imperius Curse after Voldemort's final defeat,"Harry Potter, Muggle-borns","Loyal, intimidating","Ministry of Magic (formerly), Lord Voldemort, Death Eaters",647,70,419887
131,Pomona Sprout,Good,"Minerva Mc, Gonagall, Poppy Pomfrey, Albus Dumbledore, Severus Snape (formerly), Neville Longbottom, Harry Potter, Hermione Granger, Ron Weasley, Seamus Finnigan, Dean Thomas, Cedric Diggory, Horace Slughorn, Filius Flitwick, Filius Flitwick, Aberforth Dumbledore, Weasley family, Order of the Phoenix, Dumbledore's Army, Luna Lovegood","Harry Potter and the Chamber of Secrets, Harry Potter and the Deathly Hallows: Part 2",,"Voldemort, Death Eaters, Severus Snape","Cheerful, positive, optimistic, loyal, caring, maternal","Hogwarts School of Witchcaraft and Wizardry Herbology department, Hufflepuff, Order of the Phoenix, Dumbledore's Army",459654,1230,10420862
132,Poppy Pomfrey,Good,"Albus Dumbledore, Pomona Sprout, Minerva Mc, Gonagall, Severus Snape, Harry Potter, Ron Weasley, Hermione Granger, Dumbledore's Army, Order of the Phoenix, Horace Slughorn, Filius Flitwick, Neville Longbottom, Luna Lovegood, Arthur Weasley, Molly Weasley, Kingsley Shacklebolt, Remus Lupin","Harry Potter and the Chamber of Secrets, Harry Potter and the Half-, Blood Prince, Harry Potter and the Deathly Hallows - Part 2",Retires as the matron of the hospital wing and is succeeded by Hannah Abbott.,"Voldemort, Death Eaters","Strict, caring, kind, maternal, obsessive, tidy, hardworking","Hogwarts School of Witchcraft and Wizardry, Order of the Phoenix, Dumbledore's Army",170530,1021,1527517
133,Quirinus Quirrell,Bad,Lord Voldemort,Harry Potter and the Philosopher's Stone,Killed when Voldemort dispossesses his body and leaves him to die,"Harry Potter, Albus Dumbledore, Severus Snape, Rubeus Hagrid","Greedy, evil, hateful, ambitious, nervous, timid, manipulative, deceiving, foolish, avaricious, worthless",Lord Voldemort,6490,794,1652471
134,Ravenclaw,,,"Harry Potter and the Philosopher's Stone, Harry Potter and the Chamber of Secrets, Harry Potter and the Prisoner of Azkaban, Harry Potter and the Goblet of Fire, Harry Potter and the Order of the Phoenix Harry Potter and the Half Blood Prince Harry Potter and the Deathly Hallows Part 1 Harry Potter and the Deathly Hallows Part  2",,,,,310296,11452,7844694
135,Remus Lupin,Good,"James Potter, Sirius Black, Lily Potter, Peter Pettigrew (formerly), Harry Potter, Albus Dumbledore, Severus Snape, Molly Weasley, Arthur Weasley, Ron Weasley, Hermione Granger, Nymphadora Tonks, Ginny Weasley, Alastor Moody, Kingsley Shacklebolt","Harry Potter and the Prisoner of Azkaban, Harry Potter and the Order of the Phoenix, Harry Potter and the Half-, Blood Prince, Harry Potter and the Deathly Hallows: Part 1, Harry Potter and the Deathly Hallows: Part 2",Killed during the Battle of Hogwarts,"Peter Pettigrew, Lord Voldemort, Bellatrix Lestrange, Fenrir Greyback, Death Eaters, Severus Snape (formerly), Cornelius Fudge, Dementors","Kind, compassionate, nice, protective, fatherly, brave, intelligent, tolerant, level-headed, peaceful, forgiving, selfless, good-natured","Hogwarts School of Witchcraft and Wizardry, Gryffindor, Marauders, Order of the Phoenix",48181,6145,6988632
136,Rita Skeeter,Bad,Draco Malfoy,Harry Potter and the Goblet of Fire,Attends the 2014 Quidditch World Cup,"Hermione Granger, Harry Potter, Ron Weasley, Albus Dumbledore, Luna Lovegood","Selfish, narcisstic",Hogwarts School of Witchcraft and Wizardry,20279,1536,2598276
137,Ron Weasley,Good,"Harry Potter, Hermione Granger, Fred, George, Percy, Ginny and Bill Weasley, Rubeus Hagrid, Neville Longbottom, Luna Lovegood, Seamus Finnigan, Dean Thomas, Padma and Parvati Patil, ju Fleur Delacour, Albus Dumbledore, Minerva Mc, Gonagall, Severus Snape, Filius Flitwick, Pomona Sprout, Madam Pomfrey, Horace Slughorn, Sybill Trelawney, Peter Pettigrew/, Scabbers (formerly),  Sirius Black, Remus Lupin, Lavender Brown, Nymphadora Tonks, Lee Jordan, Alicia Spinnet, Katie Bell, Ernie Macmillan, Justin Finch-, Fletchley, Anthony Goldstein, Cho Chang, Nearly Headless Nick, Moaning Myrtle, Gilderoy Lockhart (formerly), Terry Boot, Colin and Dennis Creevey, Susan Bones, Hannah Abbott, Alastor Moody, Kingsley Shacklebolt, other Order of the Phoenix members, Michael Corner, Dobby, Draco Malfoy, Blaise Zabini, Scorpius Malfoy, Aberforth Dumbledore, Cedric Diggory, Teddy Lupin","Harry Potter and the Philosopher's Stone, Harry Potter and the Chamber of Secrets, Harry Potter and the Prisoner of Azkaban, Harry Potter and the Goblet of Fire, Harry Potter and the Order of the Phoenix, Harry Potter and the Half-, Blood Prince, Harry Potter and the Deathly Hallows: Part 1, Harry Potter and the Deathly Hallows: Part 2","Marries Hermione Granger, becomes an auror, and has two children: a son and a daughter","Lord Voldemort, Bellatrix Lestrange, Death Eaters, Severus Snape (formerly), Draco Malfoy (formerly), Vincent Crabbe, Gregory Goyle, Blaise Zabini (formerly), Pansy Parkinson, Quirinus Quirrell, Barty Crouch Jr., Peter Pettigrew, Gilderoy Lockhart, Vernon Dursley, Aragog, Viktor Krum (formerly), Dolores Umbridge, Argus Filch (formerly), Cornelius Fudge, Snatchers, Acromantulas","Funny, immature (formerly), insecure, mature, argumentive, caring, fierce, brave","Prewett- Weasley-, Granger-, Potter families, Dumbledore's Army, Order of the Phoenix, British Ministry of Magic, Auror Office, Hogwarts School of Witchcraft and Wizardry, Gryffindor, Gryffindor Quidditch team, S., P., E., W., Weasleys' Wizard Wheezes, Chudley Cannons",1811856,192702,313255940
138,Rose Granger-Weasley,Good,"Albus Potter, Scoprius Malfoy",Harry Potter and the Deathly Hallows: Part 2,,Scorpius Malfoy (formerly),"Intelligent, competitive, ambitious, secure, grounded","Weasley-, Granger family, Hogwarts School of Witchcraft and Wizardry, Gryffindor, Gryffindor Quidditch team, Prewett family, Potter family",5372,929,713159
139,Rowena Ravenclaw,,"Godric Gryffindor, Helga Hufflepuff, Salazar Slytherin (formerly), Bloody Baron","Harry Potter and the Chamber of Secrets (, Mentioned only) Harry Potter and the Deathly Hallows: Part 1 (, Appears as statue) Harry Potter and the Deathly Hallows: Part 2 (, Mentioned only)",Died of a broken heart,Salazar Slytherin,,"Ravenclaw family, Hogwarts School of Witchcraft and Wizardry",72380,6995,8811779
140,Rubeus Hagrid,Good,"Harry Potter, Ron Weasley, Hermione Granger, Neville Longbottom, Seamus Finnigan, Dean Thomas, Luna Lovegood, Albus Dumbledore, Minerva Mc, Gonagall, Severus Snape, Argus Filch, Aragog, Buckbeak, Sirius Black, Remus Lupin, Molly Weasley, Arthur Weasley, Fred Weasley, George Weasley, Percy Weasley, Ginny Weasley, Bill Weasley, Aberforth Dumbledore, Firenze, Remus Lupin, Alastor Moody, Nymphadora Tonks, Filius Flitwick, Panoma Sprout, Poppy Pomfrey, Horace Slughorn, Peter Pettigrew (formerly), James Potter, Lily Potter, Fleur Delacour, Kingsley Shacklebolt, Olympe Maxime, Gabrielle Delacour","Harry Potter and the Sorcerer's Stone, Harry Potter and the Chamber of Secrets, Harry Potter and the Prisoner of Azkaban, Harry Potter and the Goblet of Fire, Harry Potter and the Order of the Phoenix, Harry Potter and the Half-, Blood Prince, Harry Potter and the Deathly Hallows: Part 1, Harry Potter and the Deathly Hallows: Part 2",Continues teaching at Hogwarts after the Battle is won.,"Lord Voldemort, Bellatrix Lestrange, Peter Pettigrew, Severus Snape (formerly), Cornelius Fudge, Dolores Umbridge, Draco Malfoy (formerly), Lucius Malfoy (formerly), Argus Filch (when he blamed Harry Potter over petrification of students), Walden Macnair","Friendly, intelligent, loyal, selfless, fatherly, sensitive, helpful","Order of the Phoenix, Hogwarts staff",,,
141,S.P.E.W.,,,,,,,,894,451,83283
142,Salazar Slytherin,Complex,"Godric Gryffindor, Helga Hufflepuff, Rowena Ravenclaw (all formerly)",,Presumably dies of old age.,"Godric Gryffindor, Helga Hufflepuff, Rowena Ravenclaw, Muggle-born witches and wizards",,Hogwarts School of Witchcraft and Wizardry (formerly),175295,10386,11800742
143,Scorpius Malfoy,Good,"Albus Potter (best friend), Harry Potter, Ginny Weasley, Hermione Granger, Ron Weasley, Delphini (formerly), Severus Snape (alternate reality)",Harry Potter and the Deathly Hallows: Part 2,Returns to the present after preventing Delphini Riddle from saving her father from his demise in 1998.,"Delphini, Voldemort, Rose Granger-, Weasley (formerly), Dolores Umbridge (alternate reality)","Brave, mischievous, heroic, friendly","Malfoy family, Hogwarts School Witchcraft and Wizardry, House of Slytherin",23743,1519,642533
144,Seamus Finnigan,Good,"Dean Thomas (best friend), Harry Potter, Hermione Granger, Neville Longbottom, Ron Weasley, Lavender Brown † (former love interest), Ginny Weasley, Angelina Johnson, Alicia Spinnet, Katie Bell, Lee Jordan, Fred † and George Weasley, Colin and Dennis Creevey, Michael Corner, Anthony Goldstein, Terry Boot, Luna Lovegood, Cho Chang, Justin Finch-, Fletchley, Marietta Edgecombe (formerly), Zacharias Smith (formerly), Oliver Wood, Cedric Diggory †, Percy Weasley, Winky, Albus Dumbledore  †, Rubeus Hagrid, other members of Hogwarts staff, Peeves, Argus Filch, Filius Flitwick, Minerva Mc, Gonagall, Poppy Pomfrey, Horace Slughorn, Pomona Sprout, Sybill Trelawney, Nearly Headless Nick †, Bloody Baron †, Hogwarts ghosts  †, Fleur Delacour, Bill Weasley, Percy Weasley, Kingsley Shacklebolt, Remus Lupin  †, Nymphadora Tonks †, Molly Weasley, Charlie Weasley,  Arthur Weasley","Harry Potter and the Sorcerer's Stone, Harry Potter and the Chamber of Secrets, Harry Potter and the Prisoner of Azkaban, Harry Potter and the Goblet of Fire, Harry Potter and the Order of the Phoenix, Harry Potter and the Half-, Blood Prince, Harry Potter and the Deathly Hallows: Part 1, Harry Potter and the Deathly Hallows: Part 2",Survives the Battle of Hogwarts and reunites with his friends in 2014.,"Lord Voldemort †, Bellatrix Lestrange, Lucius Malfoy, Draco Malfoy, Narcissa Malfoy, Death Eaters, Severus Snape (formerly), Peeves (formerly), Dolores Umbridge, Inquisitorial Squad, Ministry of Magic, Vincent Crabbe, Gregory Goyle","Good-natured, curious, clumsy, loyal, doubting (formerly), brave, loyal","Dumbledore's Army, Hogwarts School of Witchcraft and Wizardry, Gryffindor, Finnigan family",22602,0,2944887
145,Seraphina Picquery,,"Newt Scamander, Percival Graves, Porpentina Goldstein, Queenie Goldstein, Jacob Kowalski",,,"Gellert Grindelwald, Grindelwald's Army",,"Picquery family, Magical Congress of the United States of America, Ilvermorny School of Witchcraft and Wizardry, Horned Serpent",1730,258,103784
146,Serpent of Slytherin,Bad,,"Harry Potter and the Chamber of Secrets, Harry Potter and the Deathly Hallows: Part 2 (skeleton)",Stabbed with the sword of Gryffindor,"Harry Potter, Ginny Weasley, Hermione Granger, Penelope Clearwater, Moaning Myrtle",,Salazar Slytherin,12568,1942,2479249
147,Severus Snape,Good,"Harry Potter, Ron Weasley, Hermione Granger, Draco Malfoy, Narcissa Malfoy, Lucius Malfoy, Lord Voldemort (formerly), Albus Dumbledore, Lily Potter, Remus Lupin, Alastor "", Mad-, Eye"" Moody, Rubeus Hagrid, Minerva Mc, Gonagall, Horace Slughorn, Hogwarts staff, Ginny Weasley, Neville Longbottom, Luna Lovegood, Remus Lupin, Sirius Black (hated ally-by-proxy), Argus Filch","Harry Potter and the Philosopher's Stone, Harry Potter and the Chamber of Secrets, Harry Potter and the Prisoner of Azkaban, Harry Potter and the Goblet of Fire, Harry Potter and the Order of the Phoenix, Harry Potter and the Half-, Blood Prince, Harry Potter and the Deathly Hallows: Part 1 and 2, Harry Potter and the Cursed Child (, Appears in alternate reality)",Murdered by Voldemort and Nagini and gives Harry memories for him to pour in the Pensieve.,"James Potter, Sirius Black, Harry Potter (formerly), Ron Weasley (formerly), Hermione Granger (formerly), Ginny Weasley (formerly), Neville Longbottom (formerly), Luna Lovegood (formerly), Albus Dumbledore (formerly), Lord Voldemort, Nagini, Bellatrix Lestrange, Quirinus Quirrell, Peter Pettigrew, Remus Lupin (formerly), Barty Crouch Jr., Yaxley, Death Eaters, Dolores Umbridge, Petunia Dursley","Cold, cynical, malicious, bitter, sarcastic, repressed, solitary, vulnerable (as a child), tragic, harsh, strict, protective, caring (towards Lily Evans), loyal, stern","Albus Dumbledore, Harry Potter, Lily Potter, Order of the Phoenix, Hogwarts School of Witchcraft and Wizardry, Slytherin, Hogwarts staff",1832694,147669,201775775
148,Sir Luckless,Good,"Asha, Amata, Altheda",,,,,,,,
149,Sirius Black,Good,"Harry Potter, Albus Dumbledore, Minerva Mc, Gonagall, James Potter, Lily Potter, Peter Pettigrew (formerly), Remus Lupin, Severus Snape (hated ally-by-proxy), Buckbeak, Luna Lovegood, Nymphadora Tonks, Neville Longbottom, Crookshanks, Ron Weasley, Hermione Granger, Alastor Moody, Kingsley Shacklebolt","Harry Potter and the Prisoner of Azkaban, Harry Potter and the Goblet of Fire, Harry Potter and the Order of the Phoenix, Harry Potter and the Deathly Hollows: Part 2",Killed by his cousin Bellatrix,"Lord Voldemort, Peter Pettigrew, Lucius Malfoy, Bellatrix Lestrange, Severus Snape, Harry Potter (temporarily), Cornelius Fudge, Kreacher, Ministry of Magic, Antonin Dolohov, Death Eaters","Brave, courageous, protective, fatherly, caring, supportive","Order of the Phoenix, House of Black",52773,6710,8191315
150,Slytherin,,,"Harry Potter and the Philosopher's Stone, Harry Potter and the Chamber of Secrets, Harry Potter and the Prisoner of Azkaban, Harry Potter and the Goblet of Fire, Harry Potter and the Order of the Phoenix Harry Potter and the Half Blood Prince Harry Potter and the Deathly Hallows Part 1 Harry Potter and the Deathly Hallows Part  2, Fantastic Beasts: The Crimes of Grindelwald, Fantastic Beast: The Secrets of Dumbledore",,,,,,,
151,Susan Bones,Good,"Hannah Abbott, Justin Finch-, Fletchley, Ernie Macmillan, Harry Potter, Hermione Granger, Ron Weasley, Neville Longbottom, Luna Lovegood, Alicia Spinnet, Angelina Johnson, Dean Thomas, Colin Creevey †, Dennis Creevey, Fred Weasley †, George Weasley, Ginevra Weasley, Katie Bell, Oliver Wood, Lavender Brown †, Lee Jordan, Parvati Patil, Padma Patil, Seamus Finnigan, Anthony Goldstein, Cho Chang, Marietta Edgecombe (betrayed; formerly), Michael Corner, Terry Boot, Zacharias Smith (formerly), Albus Dumbledore †, Order of the Phoenix, Rubeus Hagrid, Minerva Mc, Gonagall","Harry Potter and the Philosopher's Stone, Harry Potter and the Chamber of Secrets, Harry Potter and the Order of the Phoenix  (name appears on parchment), Harry Potter and the Deathly Hallows: Part 1, Harry Potter and the Deathly Hallows: Part 2",Survives the Second Wizarding War,"Draco Malfoy, Vincent Crabbe, Gregory Goyle, Alecto and Amycus Carrow, Voldemort †, Death Eaters, Bellatrix Lestrange †, Narcissa Malfoy, Zacharias Smith, Marietta Edgecombe, Dolores Umbridge, Ministry of Magic, Cornelius Fudge, Inquisitorial Squad",,"Hogwarts School of Witchcraft and Wizardry, Hufflepuff, Dumbledore's Army, Bones family",,,
152,Sybill Trelawney,Good,"Albus Dumbledore, Minerva Mc, Gonagall, Severus Snape, Rubeus Hagrid, Remus Lupin, Lavender Brown, Parvati Patil, Harry Potter, Ron Weasley, Hermione Granger, Neville Longbottom, Luna Lovegood, Nymphadora Tonks, Dumbledore's Army, Order of the Phoenix, Filius Flitwick, Pomona Sprout, Horace Slughorn, Weasley family","Harry Potter and the Prisoner of Azkaban, Harry Potter and the Order of the Phoenix, Harry Potter and the Deathly Hallows: Part 2",,"Dolores Umbridge, Lord Voldemort, Death Eaters, the Carrow siblings","Strange, sensitive, energetic, eccentric, loyal",Hogwarts staff,45700,3930,1438957
153,Teddy (Fantastic Beasts),Good,"Newt Scamander, Tina Goldstein, Albus Dumbledore, Queenie Goldstein (formerly), Jacob Kowalski, Albus Dumbledore, Theseus Scamander","Fantastic Beasts and Where to Find Them, Fantastic Beasts: The Crimes of Grindelwald",,"Gellert Grindelwald, the Alliance, the jail keeper",,Newt Scamander,13753,468,1395716
154,The Alliance (Harry Potter),,,Fantastic Beasts: The Crimes of Grindelwald,,,,,1552,78,140984
155,The Tales of Beedle the Bard characters,,,,,,,,6524,377,111439
156,The Weasleys,,,"Harry Potter and the Philosopher's Stone, Harry Potter and the Chamber of Secrets, Harry Potter and the Prisoner of Azkaban, Harry Potter and the Goblet of Fire, Harry Potter and the Order of the Phoenix, Harry Potter and the Half-, Blood Prince, Harry Potter and the Deathly Hallows: Part 1 and 2",,,,,174533,16035,12646952
157,Theseus Scamander,Good,"Leta Lestrange, Tina Goldstein, Queenie Goldstein, Yusuf Kama, Jacob Kowalski, Albus Dumbledore, Nagini, Percival Graves, Nicholas Flamel, Bunty Broadacre, Eulalie Hicks, Torquil Travers, Rudolph Spielman, Arnold Guzman, Aberforth Dumbledore, Vicência Santos, Auror Department, Cassius Bell (formerly)","Fantastic Beasts: The Crimes of Grindelwald, The Secrets of Dumbledore",,"Gellert Grindelwald, Credence Barebone (formerly), Queenie Goldstein (formerly), Vinda Rosier, Grindelwald's Army, Albus Dumbledore (formerly), Helmut, the Alliance","Selfless, intelligent, brave, bossy (sometimes), well-meaning, hardwroking, noble, responsible, loving","Scamander family, British Ministry of Magic, Auror Department, Hogwarts School of Witchcraft and Wizardry, Hufflepuff",83209,1741,2011454
158,Vernon Dursley,Neutral,,"Harry Potter and the Philosopher's Stone, Harry Potter and the Chamber of Secrets, Harry Potter and the Prisoner of Azkaban, Harry Potter and the Order of the Phoenix, Harry Potter and the Deathly Hallows: Part 1",Leaves Privet Drive at Harry's behest.,,"Vain, unsympathetic, conservative, complaintive",Dursley Family,131735,13584,9308665
159,Victoire Weasley,Good,"Teddy Lupin (boyfriend), former members of Dumbledore's Army",,,,,Weasley family,20592,771,899582
160,Viktor Krum,Good,,"Harry Potter and the Goblet of Fire, Harry Potter and the Deathly Hallows: Part 2 (deleted)",,,,"Krum family, Durmstrang Institute, Bulgarian National Quidditch team, Death Eaters (, Imperiused)",,,
161,Vincent Crabbe,Bad,"Draco Malfoy (formerly), Gregory Goyle, Pansy Parkinson, Lord Voldemort, Death Eaters, Dolores Umbridge","Harry Potter and the Sorcerer's Stone, Harry Potter and the Chamber of Secrets, Harry Potter and the Prisoner of Azkaban, Harry Potter and the Goblet of Fire, Harry Potter and the Order of the Phoenix, Harry Potter and the Half-, Blood Prince",Dies in the Fiendfyre in the Room of Requirement during the Battle of Hogwarts,"Harry Potter, Ron Weasley, Hermione Granger, Neville Longbottom, Fred, George, Ginny Weasley, Luna Lovegood, Draco Malfoy, Lucius Malfoy, Albus Dumbledore, Dumbledore's Army, Order of the Phoenix","Cruel, evil, mean, sadistic, deadly, murderous","Hogwarts School of Witchcraft and Wizardry, Slytherin, Slytherin Quidditch team, Inquisitorial Squad, Draco Malfoy's gang, Crabbe family, Lord Voldemort, Death Eaters (unofficially)",249447,2390,6081329
162,Vinda Rosier,Bad,"Gellert Grindelwald, Queenie Goldstein (formerly), Credence Barebone (formerly), Grindelwald's Army Abernathy, Nagel, Krall (formerly), Krafft, Carrow, Zabini, Mac, Duff, Anton Vogel, Karl, Helmut","Fantastic Beasts: The Crimes of Grindelwald, Fantastic Beasts: The Secrets of Dumbledore",,"Newt Scamander, Theseus Scamander, Queenie Goldstein, Tina Goldstein, Nagini, Leta Lestrange, Yusuf Kama, Lally Hicks, Jacob Kowalski, Albus Dumbledore, Bunty Broadacre, Vicência Santos, Auror Department, Muggles","Vindictive, evil, manipulative, sympathetic (somewhat), loyal, arrogant, racist, fanatical","Grindelwald's Army, Beauxbatons Academy of Magic (possibly)",6151,261,130979
163,Warlock (The Warlock's Hairy Heart),Bad,,,Dies at the end of the story trying to change the maiden's heart with his own.,,"Cruel, evil, calculating, villainous",,98,9,7261
164,Webster Boot,Good,,,,,,"Ilvermorny School of Witchcraft and Wizardry, Wampas, Boot family, Steward family",4827,210,121323
165,William (Ilvermorney),Good,"Isolt Sayre, James Steward, Chadwick Boot, Webster Boot",,Moves to live in Ilvermorney with the rest of his family to remain caretakers.,Gormlaith Gaunt,,"Isolt Sayre, Ilvermorny School of Witchcraft and Wizardry",,,
166,Winky,Good,"Dobby, Barty Crouch Sr., Harry Potter, Ron Weasley, Hermione Granger","Harry Potter and the Goblet of Fire (, Concept artwork and possible appearance)",,Death Eaters,"Selfless, maternal, caring, suffering","Crouch family, Hogwarts School of Witchcraft and Wizardry",,,
167,Wizard (The Wizard and the Hopping Pot),Bad,Muggle neighbours,,,His Muggle neighbours (formerly),"Originally: Cold-hearted, uncaring, selfish, angry, Later: Considerate, caring, friendly, selfless, caring",,916,84,98983